heading,x_sim,y_sim,dist,s
0.0,0.0,0.0,0.0,0.0
5.5165477183346075e-191,0.22547578296311532,-2.2244101172040765e-191,0.22547578296311532,0.22547578296311532
-2.877191961564865e-190,0.4509515659262309,1.1033095436669216e-190,0.2254757829631156,0.4509515659262309
1.3239303792504151e-189,0.6764273488893461,-5.976824934850138e-190,0.22547578296311516,0.6764273488893461
-5.156346407493328e-189,0.9019031318524615,2.7581917128675223e-189,0.22547578296311543,0.9019031318524615
1.649560023316584e-188,1.1273789148155773,-1.0910375308471669e-188,0.22547578296311577,1.1273789148155773
-3.434824482098962e-188,1.3528546977786928,3.57493921791992e-188,0.22547578296311555,1.3528546977786928
-5.0675552374987333e-188,1.5783304807418073,-7.96068649504509e-188,0.22547578296311444,1.5783304807418073
1.1303355262380186e-186,1.8038062637049228,-6.560171257077546e-188,0.22547578296311555,1.8038062637049228
-8.051802801033626e-186,2.029282046668038,2.1810641875255865e-186,0.22547578296311532,2.029282046668038
4.262231910916229e-185,2.254757829631154,-1.6169207314638026e-185,0.225475782963116,2.254757829631154
-1.892298212674284e-184,2.4802336125942706,8.742570240585016e-185,0.22547578296311643,2.4802336125942706
7.182007962549e-184,2.705709395557386,-3.946288498494948e-184,0.22547578296311555,2.705709395557386
-2.2078315679960366e-183,2.9311851785205,1.5238272949156502e-183,0.22547578296311377,2.9311851785205
4.0161936146034595e-183,3.1566609614836154,-4.810291985841568e-183,0.22547578296311555,3.1566609614836154
1.188684307774741e-182,3.3821367444467314,9.556214524122568e-183,0.225475782963116,3.3821367444467314
-1.8028118351018412e-181,3.607612527409846,1.8963394169653254e-182,0.22547578296311466,3.607612527409846
1.2082981766250332e-180,3.8330883103729616,-3.510061524962457e-181,0.22547578296311555,3.8330883103729616
-6.205417834352507e-180,4.058564093336077,2.4355597474197195e-180,0.22547578296311555,4.058564093336077
2.692040280010683e-179,4.284039876299192,-1.2761841821201261e-179,0.2254757829631151,4.284039876299192
-9.958294914994129e-179,4.5095156592623065,5.6276365347633375e-179,0.2254757829631142,4.5095156592623065
2.927137846908499e-178,4.734991442225423,-2.1192774012108385e-178,0.22547578296311688,4.734991442225423
-4.411989204219666e-178,4.9604672251885376,6.417039347293331e-178,0.2254757829631142,4.9604672251885376
-2.371091207694721e-177,5.185943008151653,-1.094325580965017e-177,0.2254757829631151,5.185943008151653
2.836750096663827e-176,5.411418791114769,-4.100478480660109e-177,0.225475782963116,5.411418791114769
-1.803232738150416e-175,5.636894574077885,5.5640676352311524e-176,0.225475782963116,5.636894574077885
9.00162741155659e-175,5.862370357040998,-3.647470261107433e-175,0.22547578296311332,5.862370357040998
-3.816638733809231e-174,6.087846140004116,1.8559661586636296e-174,0.22547578296311777,6.087846140004116
1.3741859930067755e-173,6.31332192296723,-7.998024493729205e-174,0.2254757829631142,6.31332192296723
-3.8371774012509124e-173,6.538797705930344,2.933968601879914e-173,0.2254757829631142,6.538797705930344
4.3359092815897416e-173,6.764273488893463,-8.474157251874745e-173,0.22547578296311865,6.764273488893463
4.354976549691697e-172,6.989749271856577,1.1605787165059397e-172,0.2254757829631142,6.989749271856577
-4.413492284048435e-171,7.215225054819692,7.86253737419592e-172,0.2254757829631151,7.215225054819692
2.677519963307849e-170,7.440700837782807,-8.710926696446278e-171,0.2254757829631151,7.440700837782807
-1.3011853969645111e-169,7.666176620745927,5.433665300357657e-170,0.22547578296311954,7.666176620745927
5.391978807374654e-169,7.891652403709038,-2.689480060893485e-169,0.22547578296311155,7.891652403709038
-1.8864227706969547e-168,8.117128186672156,1.1327324144785075e-168,0.22547578296311777,8.117128186672156
4.961104187170984e-168,8.342603969635269,-4.041793547483258e-168,0.22547578296311244,8.342603969635269
-3.281639422363603e-168,8.568079752598386,1.1054940788820477e-167,0.22547578296311777,8.568079752598386
-7.603363898853857e-167,8.793555535561502,-1.0605072392210463e-167,0.225475782963116,8.793555535561502
6.800842871128517e-166,9.019031318524618,-1.4101233718825666e-166,0.225475782963116,9.019031318524618
-3.957122102429009e-165,9.24450710148773,1.349563501833493e-165,0.22547578296311244,9.24450710148773
1.874387621731333e-164,9.469982884450845,-8.055256542046275e-165,0.2254757829631142,9.469982884450845
-7.58993694076959e-164,9.695458667413963,3.883731593646016e-164,0.22547578296311777,9.695458667413963
2.574700414464249e-163,9.920934450377077,-1.5985399535743807e-163,0.2254757829631142,9.920934450377077
-6.303435662812585e-163,10.146410233340195,5.5377739882931e-163,0.22547578296311777,10.146410233340195
3.846153928567057e-164,10.371886016303307,-1.4205411279199552e-162,0.22547578296311244,10.371886016303307
1.2823566952096393e-161,10.597361799266423,6.307004774006511e-163,0.225475782963116,10.597361799266423
-1.0392131313037543e-160,10.822837582229539,2.422659277627283e-161,0.225475782963116,10.822837582229539
5.822690832712008e-160,11.048313365192659,-2.072119257833502e-160,0.22547578296311954,11.048313365192659
-2.690967593607414e-159,11.27378914815577,1.1887647593186745e-159,0.22547578296311066,11.27378914815577
1.064351209641776e-158,11.499264931118882,-5.589147112998179e-159,0.22547578296311244,11.499264931118882
-3.4914518129790232e-158,11.724740714081998,2.2475788952154193e-158,0.225475782963116,11.724740714081998
7.829448695573034e-158,11.950216497045119,-7.541818337257864e-158,0.22547578296312132,11.950216497045119
5.79799661931976e-158,12.175692280008233,1.7906476286361488e-157,0.2254757829631142,12.175692280008233
-2.1087430103932466e-156,12.401168062971347,4.054174901381655e-158,0.2254757829631142,12.401168062971347
1.5763208761594806e-155,12.62664384593446,-4.0384212579228786e-156,0.22547578296311244,12.62664384593446
-8.532614782721918e-155,12.852119628897574,3.156695927220343e-155,0.2254757829631142,12.852119628897574
3.850234149764598e-154,13.077595411860695,-1.7469071691236124e-154,0.22547578296312132,13.077595411860695
-1.486642852226956e-153,13.30307119482381,8.01613789225123e-154,0.2254757829631142,13.30307119482381
4.699968325410164e-153,13.528546977786922,-3.147976421366273e-153,0.22547578296311244,13.528546977786922
-9.427478967361254e-153,13.754022760750042,1.020155044004545e-152,0.22547578296311954,13.754022760750042
-1.7598312217007028e-152,13.979498543713158,-2.200293435608878e-152,0.225475782963116,13.979498543713158
3.400954170252462e-151,14.204974326676268,-2.4995073993968604e-152,0.22547578296311066,14.204974326676268
-2.3753709426867366e-150,14.43045010963939,6.581878996944036e-151,0.22547578296312132,14.43045010963939
1.2455024192653923e-149,14.655925892602497,-4.7757369593674417e-150,0.2254757829631071,14.655925892602497
-5.490376045310891e-149,14.881401675565618,2.556823628500225e-149,0.22547578296312132,14.881401675565618
2.067703604039368e-148,15.106877458528732,-1.1458325786558526e-148,0.2254757829631142,15.106877458528732
-6.273359161809831e-148,15.332353241491841,4.391089570928758e-148,0.22547578296310888,15.332353241491841
1.0847984246157916e-147,15.557829024454962,-1.3692550902275514e-147,0.22547578296312132,15.557829024454962
3.870367208636113e-147,15.783304807418086,2.608705806324459e-147,0.2254757829631231,15.783304807418086
-5.400121429948047e-146,16.008780590381196,6.371479327044675e-147,0.22547578296311066,16.008780590381196
3.5584171089746086e-145,16.23425637334431,-1.0539372279263647e-145,0.22547578296311244,16.23425637334431
-1.8112758383803876e-144,16.459732156307428,7.180549011219664e-145,0.22547578296311954,16.459732156307428
7.802644959177448e-144,16.685207939270533,-3.7279453995534114e-144,0.22547578296310533,16.685207939270533
-2.8629383624997178e-143,16.910683722233657,1.6323344819476862e-143,0.2254757829631231,16.910683722233657
8.290058184787221e-143,17.136159505196776,-6.098671264954777e-143,0.22547578296311954,17.136159505196776
-1.1602068433945959e-142,17.361635288159885,1.8212450851522127e-142,0.22547578296310888,17.361635288159885
-7.489260397862583e-142,17.587111071123005,-2.9302808132846696e-142,0.22547578296311954,17.587111071123005
8.46621974665409e-141,17.812586854086113,-1.3157275710572954e-141,0.22547578296310888,17.812586854086113
-5.301907191639752e-140,18.03806263704923,1.6639411411979713e-140,0.225475782963116,18.03806263704923
2.6246156057717028e-139,18.263538420012353,-1.0735387140385232e-139,0.2254757829631231,18.263538420012353
-1.105018368725145e-138,18.48901420297546,5.415625325663203e-139,0.22547578296310888,18.48901420297546
3.944560097447919e-138,18.714489985938577,-2.3173906088541423e-138,0.225475782963116,18.714489985938577
-1.0825027216619893e-137,18.939965768901686,8.430682727462159e-138,0.22547578296310888,18.939965768901686
1.0796137127231945e-137,19.165441551864806,-2.396744504209393e-137,0.22547578296311954,19.165441551864806
1.3509897789089532e-136,19.39091733482792,3.002295698192605e-137,0.22547578296311244,19.39091733482792
-1.3131304960133394e-135,19.616393117791038,2.462305107396967e-136,0.22547578296311954,19.616393117791038
7.860997664066821e-135,19.841868900754154,-2.5962380350447527e-135,0.225475782963116,19.841868900754154
-3.789789900486494e-134,20.067344683717273,1.596822583887334e-134,0.22547578296311954,20.067344683717273
1.5594256351449653e-133,20.29282046668039,-7.839203604477464e-134,0.225475782963116,20.29282046668039
-5.405616565747753e-133,20.518296249643495,3.278533528678664e-133,0.22547578296310533,20.518296249643495
1.3927036139416646e-132,20.743772032606614,-1.1595153491943253e-132,0.22547578296311954,20.743772032606614
-6.8772449707377316e-133,20.969247815569734,3.1132605807511955e-132,0.22547578296311954,20.969247815569734
-2.3308959871823553e-131,21.194723598532843,-2.5349643433418716e-132,0.22547578296310888,21.194723598532843
2.017930644491985e-130,21.42019938149596,-4.350465916289591e-131,0.225475782963116,21.42019938149596
-1.1601922189954927e-129,21.645675164459075,4.010511645550551e-130,0.225475782963116,21.645675164459075
5.4536488126767453e-129,21.8711509474222,-2.3638890971538814e-129,0.22547578296312665,21.8711509474222
-2.1925644682594717e-128,22.096626730385303,1.1308348789908546e-128,0.22547578296310178,22.096626730385303
7.363997061298407e-128,22.322102513348423,-4.621517846234331e-128,0.22547578296311954,22.322102513348423
-1.7584170532176806e-127,22.547578296311546,1.5858829001587669e-127,0.2254757829631231,22.547578296311546
-2.801231836070852e-128,22.77305407927465,-3.978985891058794e-127,0.22547578296310533,22.77305407927465
3.897571195714941e-126,22.998529862237767,1.0256365329445965e-127,0.225475782963116,22.998529862237767
-3.076331336038164e-125,23.224005645200887,7.397243802324003e-126,0.22547578296311954,23.224005645200887
1.70494330007225e-124,23.449481428164002,-6.142406306746882e-125,0.225475782963116,23.449481428164002
-7.821388456488897e-124,23.674957211127115,3.4838590381677403e-124,0.22547578296311244,23.674957211127115
3.071037371346089e-123,23.90043299409023,-1.625701754365248e-123,0.225475782963116,23.90043299409023
-9.964398142587023e-123,24.125908777053347,6.490460646508951e-123,0.225475782963116,24.125908777053347
2.1658326723795398e-122,24.35138456001646,-2.1554498039539294e-122,0.22547578296311244,24.35138456001646
2.2603846743024241e-122,24.57686034297959,4.980711409409975e-122,0.2254757829631302,24.57686034297959
-6.368104142680169e-121,24.802336125942702,2.3653195446509189e-122,0.22547578296311244,24.802336125942702
4.656448492964761e-120,25.027811908905807,-1.223813714441934e-120,0.22547578296310533,25.027811908905807
-2.4954272495376684e-119,25.253287691868916,9.33655018137603e-120,0.22547578296310888,25.253287691868916
1.1179185077414466e-118,25.47876347483204,-5.11323587051953e-119,0.2254757829631231,25.47876347483204
-4.284030429397638e-118,25.704239257795155,2.3292025172966537e-118,0.225475782963116,25.704239257795155
1.3380639296685941e-117,25.92971504075827,-9.079384445847229e-118,0.225475782963116,25.92971504075827
-2.5766646397055643e-117,26.155190823721384,2.9090481110668534e-117,0.22547578296311244,26.155190823721384
-5.9519345728322095e-117,26.380666606684496,-6.0612677239958515e-117,0.22547578296311244,26.380666606684496
1.021788956086118e-115,26.606142389647626,-8.994821034597566e-117,0.2254757829631302,26.606142389647626
-7.0038155604704785e-115,26.831618172610735,1.9829652349322777e-115,0.22547578296310888,26.831618172610735
3.6382840826272476e-114,27.05709395557384,-1.4097579331286932e-114,0.22547578296310533,27.05709395557384
-1.5924961645046516e-113,27.28256973853696,7.474864688747723e-114,0.22547578296311954,27.28256973853696
5.950370825222432e-113,27.50804552150007,-3.3259681223221723e-113,0.22547578296310888,27.50804552150007
-1.7808252999400907e-112,27.733521304463196,1.2648228119319638e-112,0.22547578296312665,27.733521304463196
2.9107415887125626e-112,27.958997087426315,-3.8942474121123988e-112,0.22547578296311954,27.958997087426315
1.2459444652942757e-111,28.18447287038942,7.086305989357089e-112,0.22547578296310533,28.18447287038942
-1.6156728522632003e-110,28.409948653352544,2.1024641893773114e-111,0.2254757829631231,28.409948653352544
1.0474168608908929e-109,28.635424436315642,-3.16048264463283e-110,0.22547578296309823,28.635424436315642
-5.285161055323955e-109,28.860900219278765,2.1158583636755589e-109,0.2254757829631231,28.860900219278765
2.260743405817656e-108,29.086376002241884,-1.0886370375111194e-108,0.22547578296311954,29.086376002241884
-8.22687333676942e-108,29.311851785204997,4.733072648002868e-108,0.22547578296311244,29.311851785204997
2.3452336484157798e-107,29.537327568168106,-1.754238371104996e-107,0.22547578296310888,29.537327568168106
-3.0133840739378174e-107,29.76280335113122,5.1637745616318466e-107,0.225475782963116,29.76280335113122
-2.3500336266327207e-106,29.98827913409434,-7.781006518980631e-107,0.22547578296311954,29.98827913409434
2.5242014220030643e-105,30.213754917057454,-4.1836897971022564e-106,0.22547578296311244,30.213754917057454
-1.558183665209642e-104,30.439230700020584,4.970592778816322e-105,0.2254757829631302,30.439230700020584
7.650081592464694e-104,30.664706482983696,-3.158204228390307e-104,0.22547578296311244,30.664706482983696
-3.198318950249279e-103,30.89018226594681,1.5797222462811022e-103,0.22547578296311244,30.89018226594681
1.131681281968072e-102,31.11565804890992,-6.712458323337588e-103,0.22547578296311244,31.11565804890992
-3.0495408219917563e-102,31.341133831873037,2.421334788564254e-102,0.225475782963116,31.341133831873037
2.6081637883208955e-102,31.56660961483616,-6.770327476317272e-102,0.2254757829631231,31.56660961483616
4.173968613542785e-101,31.792085397799262,7.637662365206045e-102,0.22547578296310178,31.792085397799262
-3.903305182116616e-100,32.01756118076238,7.670904479453843e-101,0.225475782963116,32.01756118076238
2.3068674091825057e-99,32.2430369637255,-7.730233740581172e-100,0.2254757829631231,32.2430369637255
-1.1034791480191268e-98,32.46851274668862,4.69044386315955e-99,0.225475782963116,32.46851274668862
4.5084727282130425e-98,32.69398852965173,-2.2842606334440653e-98,0.225475782963116,32.69398852965173
-1.5481735949485544e-97,32.91946431261484,9.48598984274204e-98,0.22547578296310888,32.91946431261484
3.903001179516794e-97,33.14494009557796,-3.324773253241515e-97,0.225475782963116,33.14494009557796
-1.2169028078139024e-97,33.370415878541074,8.754601343307793e-97,0.225475782963116,33.370415878541074
-7.12493020979474e-96,33.5958916615042,-5.75857886886932e-97,0.2254757829631231,33.5958916615042
5.983162870661358e-95,33.82136744446729,-1.3374400285258701e-95,0.22547578296309467,33.82136744446729
-3.4001285849645657e-94,34.046843227430415,1.1908739952634023e-94,0.2254757829631231,34.046843227430415
1.5862175171622984e-93,34.27231901039353,-6.934001172781718e-94,0.225475782963116,34.27231901039353
-6.331671984960852e-93,34.497794793356654,3.291522433850937e-93,0.2254757829631231,34.497794793356654
2.1048551782972497e-92,34.723270576319756,-1.3356744087199875e-92,0.22547578296310178,34.723270576319756
-4.8943080383968414e-92,34.94874635928288,4.538862599979593e-92,0.2254757829631231,34.94874635928288
-1.960358315092465e-92,35.17422214224599,-1.1124290485513671e-91,0.22547578296310888,35.17422214224599
1.1821940525168415e-90,35.39969792520911,6.181459697946629e-93,0.2254757829631231,35.39969792520911
-9.10066101687717e-90,35.62517370817222,2.2531452001785465e-90,0.22547578296310888,35.62517370817222
4.990420911842148e-89,35.85064949113534,-1.8195140574056394e-89,0.2254757829631231,35.85064949113534
-2.2725711947325518e-88,36.07612527409846,1.020615634370215e-88,0.225475782963116,36.07612527409846
8.857349588901585e-88,36.30160105706157,-4.7270937952056677e-88,0.22547578296310888,36.30160105706157
-2.8417717870279322e-87,36.52707684002469,1.8735314812173385e-87,0.2254757829631231,36.52707684002469
5.971853985979661e-87,36.7525526229878,-6.156252953576431e-87,0.22547578296310888,36.7525526229878
8.248823322345475e-87,36.978028405950916,1.381723945317666e-86,0.225475782963116,36.978028405950916
-1.9196808794335885e-85,37.20350418891404,1.0341393691114517e-86,0.2254757829631231,37.20350418891404
1.3747693551814505e-84,37.428979971877155,-3.70118936433541e-85,0.225475782963116,37.428979971877155
-7.295432716969938e-84,37.65445575484027,2.7598801040540156e-84,0.225475782963116,37.65445575484027
3.2449018768430968e-83,37.87993153780339,-1.4960984370373416e-83,0.225475782963116,37.87993153780339
-1.2340267415763337e-82,38.10540732076649,6.765791764091596e-83,0.22547578296310178,38.10540732076649
3.8060021319954006e-82,38.33088310372961,-2.6176633268564016e-82,0.2254757829631231,38.33088310372961
-7.008866597272023e-82,38.556358886692735,8.288583440399961e-82,0.2254757829631231,38.556358886692735
-1.9742243993004477e-81,38.78183466965585,-1.6635396521400447e-81,0.225475782963116,38.78183466965585
3.0655060952789162e-80,39.00731045261895,-3.1195904545608994e-81,0.22547578296310178,39.00731045261895
-2.0638865451095818e-79,39.23278623558206,5.964658225343828e-80,0.22547578296310888,39.23278623558206
1.0624603996123058e-78,39.45826201854519,-4.158968994764773e-79,0.2254757829631302,39.45826201854519
-4.617578265531698e-78,39.68373780150831,2.18456738147805e-78,0.225475782963116,39.68373780150831
1.7116702526810181e-77,39.90921358447142,-9.651053430539873e-78,0.225475782963116,39.90921358447142
-5.050411996585775e-77,40.13468936743455,3.641797243509841e-77,0.2254757829631231,40.13468936743455
7.746969791174881e-77,40.36016515039765,-1.1065929336225537e-76,0.22547578296310178,40.36016515039765
3.973524427237835e-76,40.58564093336078,1.9135736825859605e-76,0.2254757829631302,40.58564093336078
-4.828473825325918e-75,40.81111671632387,6.840455920853116e-76,0.22547578296309467,40.81111671632387
3.081452815895545e-74,41.036592499287,-9.46559028239324e-75,0.2254757829631302,41.036592499287
-1.5415982254606358e-73,41.26206828225011,6.231310190999621e-74,0.22547578296310888,41.26206828225011
6.54834539418935e-73,41.48754406521324,-3.177852353745204e-73,0.2254757829631302,41.48754406521324
-2.3629430837114204e-72,41.71301984817633,1.371982180747866e-72,0.22547578296308757,41.71301984817633
6.626952190025013e-72,41.93849563113946,-5.043671402797362e-72,0.2254757829631302,41.93849563113946
-7.707336010116633e-72,42.16397141410256,1.4625886560797893e-71,0.22547578296310178,42.16397141410256
-7.33532220006294e-71,42.38944719706568,-2.0458343423030627e-71,0.225475782963116,42.38944719706568
7.518724501147781e-70,42.61492298002881,-1.320805574404609e-70,0.2254757829631302,42.61492298002881
-4.5772830176921205e-69,42.84039876299191,1.4832865568065256e-69,0.22547578296310178,42.84039876299191
2.229041072372801e-68,43.06587454595503,-9.286646592824701e-69,0.2254757829631231,43.06587454595503
-9.253598571945598e-68,43.29135032891814,4.606410800426255e-68,0.22547578296310888,43.29135032891814
3.245132037572554e-67,43.51682611188127,-1.9435861803173665e-67,0.2254757829631302,43.51682611188127
-8.578225774657157e-67,43.742301894844395,6.950905155187734e-67,0.2254757829631231,43.742301894844395
6.029687242066214e-67,43.96777767780749,-1.910003772963168e-66,0.22547578296309467,43.96777767780749
1.2847024188544592e-65,44.19325346077062,1.901027963932016e-66,0.2254757829631302,44.19325346077062
-1.1594095199669625e-64,44.41872924373372,2.3784044604126013e-65,0.22547578296310178,44.41872924373372
6.767283778408538e-64,44.64420502669683,-2.299808760294605e-64,0.22547578296310888,44.64420502669683
-3.211879521588253e-63,44.86968080965994,1.3772408002858337e-63,0.22547578296310888,44.86968080965994
1.302985148922886e-62,45.09515659262306,-6.653739919205967e-63,0.2254757829631231,45.09515659262306
-4.4311527707811825e-62,45.32063237558618,2.7436943778743554e-62,0.225475782963116,45.32063237558618
1.0916083198115602e-61,45.5461081585493,-9.527679533482961e-62,0.2254757829631231,45.5461081585493
-1.2531271987864207e-62,45.771583941512425,2.457586077410556e-61,0.2254757829631231,45.771583941512425
-2.1719442939310183e-60,45.99705972447555,-1.2033933931055803e-61,0.2254757829631231,45.99705972447555
1.7726420007909e-59,46.22253550743865,-4.098129980120981e-60,0.22547578296310178,46.22253550743865
-9.961141795992025e-59,46.44801129040176,3.5332500676507442e-59,0.22547578296310888,46.44801129040176
4.612373425238838e-58,46.673487073364875,-2.033209658999615e-58,0.225475782963116,46.673487073364875
-1.8277614930892602e-57,46.89896285632798,9.578071857242751e-58,0.22547578296310178,46.89896285632798
6.012452691116678e-57,47.12443863929111,-3.858843952078482e-57,0.2254757829631302,47.12443863929111
-1.3585980062792152e-56,47.34991442225423,1.298271256795763e-56,0.2254757829631231,47.34991442225423
-9.066305561854278e-57,47.57539020521733,-3.1030804077662788e-56,0.22547578296310178,47.57539020521733
3.578043713852029e-55,47.800865988180455,-5.149898555750927e-57,0.2254757829631231,47.800865988180455
-2.6903743745683776e-54,48.02634177114356,6.84577938692743e-55,0.22547578296310178,48.02634177114356
1.460117987354158e-53,48.251817554106694,-5.385898647692506e-54,0.2254757829631373,48.251817554106694
-6.601182486504858e-53,48.47729333706981,2.98869376857759e-53,0.225475782963116,48.47729333706981
2.5537579372945227e-52,48.702769120032904,-1.3740954837778966e-52,0.22547578296309467,48.702769120032904
-8.098531250614896e-52,48.928244902996035,5.406385251446804e-52,0.2254757829631302,48.928244902996035
1.6408312804188104e-51,49.153720685959144,-1.7571157985007688e-51,0.22547578296310888,49.153720685959144
2.8897344128463004e-51,49.37919646892226,3.8223010859823013e-51,0.225475782963116,49.37919646892226
-5.778623618894796e-50,49.604672251885376,4.0223530271918324e-51,0.225475782963116,49.604672251885376
2.8817068188547853e-49,49.8301480348485,-1.1175017129191363e-49,0.2254757829631231,49.8301480348485
-1.3293016178827784e-48,50.05562381781163,5.803637167981489e-49,0.2254757829631302,50.05562381781163
-2.6061021771167546e-48,50.28109960077472,-2.7703534070574705e-48,0.22547578296309467,50.28109960077472
4.971261730452994e-47,50.50657538373784,-4.63184063743536e-48,0.225475782963116,50.50657538373784
-3.3878711283094286e-46,50.73205116670095,9.665488120200242e-47,0.22547578296310888,50.73205116670095
1.7540221527617392e-45,50.95752694966409,-6.822060662993211e-46,0.2254757829631444,50.95752694966409
-7.657144999423216e-45,51.18300273262719,3.604699186725481e-45,0.22547578296309467,51.18300273262719
2.852719192537506e-44,51.408478515590296,-1.5996496065145754e-44,0.22547578296310888,51.408478515590296
-8.493371167105366e-44,51.63395429855341,6.06590830374756e-44,0.225475782963116,51.63395429855341
1.3569632272598229e-43,51.85943008151655,-1.858639194072531e-43,0.2254757829631373,51.85943008151655
6.2121381330324696e-43,52.08490586447963,3.320517284894402e-43,0.22547578296308046,52.08490586447963
-7.856819815682361e-42,52.31038164744275,1.0565637071992409e-42,0.2254757829631231,52.31038164744275
5.063420207723918e-41,52.53585743040588,-1.538158790287528e-41,0.2254757829631302,52.53585743040588
-2.5467980111349176e-40,52.76133321336899,1.023249678616776e-40,0.22547578296310888,52.76133321336899
1.0866122759061894e-39,52.986808996332115,-5.2474119012985884e-40,0.2254757829631231,52.986808996332115
-3.94188553600317e-39,53.21228477929523,2.2755495196740566e-39,0.225475782963116,53.21228477929523
1.1170538598322135e-38,53.43776056225834,-8.408512262136198e-39,0.22547578296310888,53.43776056225834
-1.3859560582179934e-38,53.663236345221456,2.4616626716318327e-38,0.225475782963116,53.663236345221456
-1.1620278161098426e-37,53.88871212818457,-3.6127633426496067e-38,0.225475782963116,53.88871212818457
1.2259642998675514e-36,54.114187911147674,-2.0778893650565018e-37,0.22547578296310178,54.114187911147674
-7.528523751872239e-36,54.33966369411082,2.4158009663086066e-36,0.2254757829631444,54.33966369411082
3.68497714951792e-35,54.56513947707391,-1.5264836440250127e-35,0.22547578296309467,54.56513947707391
-1.5365674026442844e-34,54.79061526003706,7.611534395666701e-35,0.2254757829631444,54.79061526003706
5.419193190066773e-34,55.016091043000145,-3.22578316969107e-34,0.22547578296308757,55.016091043000145
-1.4501020208573516e-33,55.241566825963254,1.1599539819700216e-33,0.22547578296310888,55.241566825963254
1.1604155991562174e-33,55.46704260892636,-3.22278235868381e-33,0.22547578296310888,55.46704260892636
2.0524872412510544e-32,55.69251839188949,3.480785180282456e-33,0.2254757829631302,55.69251839188949
-1.8938268071701968e-31,55.91799417485261,3.782696246633728e-32,0.225475782963116,55.91799417485261
1.1140382693762152e-30,56.143469957815746,-3.752845762537569e-31,0.2254757829631373,56.143469957815746
-5.3132902790412536e-30,56.368945740778855,2.2659035012187678e-30,0.22547578296310888,56.368945740778855
2.1651536615052754e-29,56.59442152374195,-1.1001865134336264e-29,0.22547578296309467,56.59442152374195
-7.408325664648144e-29,56.81989730670509,4.5568976731324274e-29,0.2254757829631373,56.81989730670509
1.8520164318730632e-28,57.04537308966821,-1.5916837842729914e-28,0.2254757829631231,57.04537308966821
-4.4614276628875475e-29,57.27084887263129,4.159722631059369e-28,0.22547578296308046,57.27084887263129
-3.490718013051301e-27,57.49632465559445,-2.483969316850501e-28,0.22547578296315862,57.49632465559445
2.8999840597729567e-26,57.721800438557544,-6.565463762996666e-27,0.22547578296309467,57.721800438557544
-1.6411711621931517e-25,57.94727622152065,5.775128426377408e-26,0.22547578296310888,57.94727622152065
7.635064607728181e-25,58.17275200448377,-3.34799696201627e-25,0.225475782963116,58.17275200448377
-3.0394217478472797e-24,58.39822778744688,1.5847642058094102e-24,0.22547578296310888,58.39822778744688
1.0065104732281415e-23,58.62370357041001,-6.413643191896186e-24,0.2254757829631302,58.62370357041001
-2.3160750037269285e-23,58.84917935337312,2.171497367037224e-23,0.22547578296310888,58.84917935337312
-1.1503594242282236e-23,59.074655136336226,-5.2735143266434753e-23,0.22547578296310888,59.074655136336226
5.776214117334654e-22,59.30013091929935,-1.2922148141922347e-24,0.2254757829631231,59.30013091929935
-4.4073950105285796e-21,59.52560670226247,1.102507680200496e-21,0.2254757829631231,59.52560670226247
2.4075279149705356e-20,59.75108248522557,-8.816082235871351e-21,0.22547578296309467,59.75108248522557
-1.0934340612295662e-19,59.9765582681887,4.925306597961121e-20,0.2254757829631302,59.9765582681887
4.250018782441456e-19,60.20203405115181,-2.275028944817846e-19,0.225475782963116,60.20203405115181
-1.3577399848678625e-18,60.42750983411492,8.992568224679024e-19,0.22547578296310888,60.42750983411492
2.8159253466995934e-18,60.65298561707803,-2.9429828642175095e-18,0.22547578296310888,60.65298561707803
4.272297850231574e-18,60.878461400041175,6.531107515867089e-18,0.2254757829631444,60.878461400041175
-9.361143245758837e-17,61.103937183004255,5.601612836245639e-18,0.22547578296308046,61.103937183004255
6.653087148188887e-16,61.32941296596739,-1.8069175739930963e-16,0.2254757829631373,61.32941296596739
-3.518007541959227e-15,61.5548887489305,1.336219042474023e-15,0.22547578296310888,61.5548887489305
1.5606101274201236e-14,61.78036453189362,-7.216706841317763e-15,0.225475782963116,61.78036453189362
-5.918143376905193e-14,62.005840314856734,3.2548421590876493e-14,0.225475782963116,62.005840314856734
1.8166738900572754e-13,62.23131609781983,-1.2557957437942164e-13,0.22547578296309467,62.23131609781983
-3.286895691979684e-13,62.45679188078298,3.9588319960233156e-13,0.22547578296315152,62.45679188078298
-9.935546776754495e-13,62.68226766374609,-7.829587127753584e-13,0.22547578296310888,62.68226766374609
1.4923017095794897e-11,62.9077434467092,-1.5912261557485673e-12,0.22547578296310888,62.9077434467092
-9.982164760940514e-11,63.133219229672214,2.9063075478814437e-11,0.2254757829630165,63.133219229672214
5.121263324242264e-10,63.35869501263616,-2.0123452137455884e-10,0.22547578296394732,63.35869501263616
-2.2199629814812384e-09,63.58417079559463,1.0533157403272673e-09,0.22547578295846904,63.58417079559463
8.204335454325247e-09,63.809646578578885,-4.6411604843370355e-09,0.22547578298425472,63.809646578578885
-2.4078444156369857e-08,64.03512236145993,1.746198664897776e-08,0.22547578288104228,64.03512236145993
3.600715708996377e-08,64.26059814468395,-5.2798048797076753e-08,0.22547578322403822,64.26059814468397
1.9753762132472875e-07,64.48607392711874,8.947630082890533e-08,0.2254757824348297,64.4860739271188
-2.0425844093818376e-06,64.71154970914309,3.422771938523859e-07,0.22547578202448865,64.71154970914328
0.00012483657859108357,64.93702551032958,-3.995692517940451e-06,0.22547580122822028,64.9370255103715
0.0007245142029146138,65.16250107237062,0.0002500154356730026,0.2254757051200338,65.16250121549153
0.0016797030368239838,65.38797369562441,0.0014450329668530717,0.22547579006147614,65.38797700555301
0.0026516767940959964,65.61343903614059,0.0036094246687365344,0.22547572899431184,65.61345273454732
0.003624526931561016,65.83889293604611,0.00674839898506217,0.22547575067480202,65.83892848522213
0.0045944036071064,66.06433121675049,0.010858510276104589,0.22547574464179532,66.06440422986392
0.00556156475684698,66.28974975730986,0.01593727085393622,0.22547574644942478,66.28987997631334
0.006525244840531013,66.51514446979986,0.021981754474399904,0.22547574636906784,66.51535572268241
0.007484639091742062,66.74051133897667,0.028987945762970972,0.22547574689737554,66.74083146957979
0.008439383062900143,66.96584641649069,0.03695131218958252,0.2254757467292056,66.96630721630899
0.00938884823330854,67.19114582052667,0.045867112620023597,0.22547574804462447,67.19178296435362
0.010332537648509107,67.41640577022122,0.05572956042991879,0.22547574772731654,67.41725871208094
0.011269553688956204,67.64162255579545,0.0665329233587856,0.2254757484852036,67.64273446056615
0.012199548077831291,67.86679263269565,0.07826962203319227,0.22547574953199542,67.86821021009814
0.013121962531686212,68.09191248220355,0.09093323001732152,0.22547574949346014,68.0936859595916
0.014036297500460936,68.3169788014403,0.10451505347827401,0.22547575032207146,68.31916170991367
0.014942024244433173,68.5419883086518,0.11900766876241922,0.2254757508765288,68.5446374607902
0.015838174642899723,68.76693796989488,0.1344013261773908,0.2254757520931892,68.77011321288339
0.016724701757387755,68.99182483518963,0.15068666696126548,0.2254757514823837,68.99558896436577
0.017601032550193484,69.21664610543198,0.1678538488150233,0.22547575409826498,69.22106471846404
0.018466797192374276,69.44139914152719,0.18589236766922865,0.22547575345581516,69.44654047191985
0.019320880683216305,69.66608143589703,0.20479164216932708,0.2254757547496545,69.6720162266695
0.020163339466869625,69.89069078741733,0.22453893803092867,0.22547575586793214,69.89749198253743
0.02099363348494258,70.11522492899093,0.24512378706696886,0.22547575643964407,70.12296773897708
0.02181141678546112,70.33968202802485,0.2665323744748875,0.22547575683768886,70.34844349581478
0.022616153536917854,70.56406014033408,0.2887535396329889,0.22547575804160125,70.57391925385637
0.02340690966108487,70.78835782307353,0.3117723950905129,0.22547575964803862,70.79939501350441
0.024183954062000246,71.01257359061351,0.33557591033436973,0.22547575867820135,71.02487077218261
0.02494677215788908,71.23670624407964,0.36014973496454056,0.22547576190518118,71.2503465340878
0.025695178921517375,71.46075469043649,0.38547980750078237,0.22547576120197033,71.47582229528977
0.02642780481858655,71.68471806085992,0.41155140582329663,0.2254757626232023,71.70129805791298
0.027145192406355503,71.9085958782948,0.4383477258712039,0.22547576345921613,71.9267738213722
0.027846862321432596,72.13238744026378,0.46585512939848356,0.22547576467844266,72.15224958605063
0.028532542980958857,72.35609269218537,0.494055850838422,0.2254757646112626,72.37772535066189
0.029201776789721655,72.57971128490912,0.5229357060813176,0.22547576599404703,72.60320111665594
0.02985374142740606,72.80324359186181,0.5524760111711855,0.2254757678252692,72.82867688448121
0.03048887759025203,73.02668976393937,0.5826609332779629,0.22547576663292684,73.05415265111414
0.031106807076848167,73.25005036871558,0.6134726677774478,0.2254757697599861,73.27962842087412
0.03170746199749948,73.47332594569502,0.6448946218595314,0.22547576915012693,73.50510419002424
0.0322894008271711,73.69651737054316,0.6769088519980238,0.22547577044352846,73.73057996046776
0.03285355983984226,73.91962588476144,0.7094958762802381,0.22547577091177445,73.95605573137954
0.03339940739908932,74.14265237657622,0.742639622355354,0.2254757724348651,74.1815315038144
0.033926861700247196,74.36559852893286,0.7763195406470825,0.22547577197288463,74.40700727578728
0.03443546773521006,74.58846551750494,0.8105193916821946,0.22547577343477743,74.63248304922206
0.0349245686570922,74.81125544466413,0.8452177114539651,0.22547577483751655,74.85795882405958
0.03539473433427416,75.03396993983675,0.880396941783329,0.22547577387950893,75.08343459793909
0.03584567678351379,75.25661119689471,0.9160367563241965,0.2254757763593582,75.30891037429845
0.03627751736140375,75.47918117686382,0.9521190168467274,0.22547577587817538,75.53438615017663
0.03668863345722079,75.70168227503004,0.9886236366957941,0.2254757768708171,75.75986192704745
0.03708034077884679,75.92411721749332,1.025529224796655,0.225475777106352,75.9853377041538
0.03745211587354118,76.14648819037527,1.0628183260749628,0.22547577842111463,76.21081348257492
0.03780398937894844,76.36879831376713,1.100468497952143,0.22547577786735107,76.43628926044227
0.038135502449706454,76.59104996085202,1.1384623436043748,0.2254757790526325,76.6617650394949
0.03844607704621111,76.81324661446644,1.1767764984345166,0.22547577993610252,76.887240819431
0.038736577597671455,77.03539102427293,1.2153924048950768,0.2254757792758331,77.11271659870684
0.03900661967998138,77.25748656053611,1.2542884269715258,0.22547578087546852,77.33819237958231
0.03925648483077548,77.4795362667831,1.2934452344905756,0.22547578056070508,77.56366816014301
0.03948448512056784,77.70154356895664,1.3328417528792975,0.22547578113741004,77.78914394128041
0.03969214517776227,77.9235122544018,1.372455268527854,0.22547578127216203,78.01461972255258
0.039879051579230336,78.14544533864613,1.412267758617244,0.22547578195743626,78.24009550451002
0.04004518222617334,78.36734688060402,1.45225567940078,0.225475781697015,78.46557128620704
0.04019026577623425,78.58922000800688,1.492400961961831,0.22547578223709902,78.69104706844413
0.04031371076220629,78.81106898034282,1.5326795173516847,0.22547578262600587,78.91652285107014
0.04041647687549072,79.03289722125696,1.5730720903341722,0.22547578233416818,79.14199863340431
0.040498229508207854,79.2547087182361,1.6135565131969132,0.22547578292725265,79.36747441633156
0.04055931120987208,79.47650707576302,1.6541128593622274,0.22547578277039182,79.59295019910195
0.04059820129749242,79.69829620427133,1.69471964651159,0.22547578292816128,79.8184259820301
0.04061627490873028,79.92008030210856,1.7353539010684764,0.22547578294989376,80.04390176498
0.040613358946530474,80.1418627985743,1.775996895110783,0.22547578296415088,80.26937754794416
0.040589506281985974,80.363647966608,1.8166253081125519,0.2254757829630069,80.49485333090716
0.040544373246980014,80.58543921445,1.8572205180981551,0.22547578294151546,80.72032911384868
0.04047754232095998,80.80724092604996,1.8977585163180097,0.2254757826648818,80.94580489651356
0.04038987470243508,81.02905663689913,1.9382198448537977,0.22547578292669035,81.17128067944026
0.0402812418339533,81.25089037420798,1.978582220870859,0.22547578230523369,81.3967564617455
0.04015213462722552,81.47274567020645,2.018825929803646,0.22547578244954378,81.62223224419505
0.04000076893482464,81.69462630947692,2.0589296733248172,0.22547578213077057,81.84770802632582
0.03982883432755462,81.91653639363237,2.0988701641275904,0.22547578197102872,82.07318380829685
0.0396362639456269,82.13847900788988,2.1386294900014855,0.2254757814431662,82.29865958974001
0.03942298865198912,82.36045817475598,2.178184231386457,0.2254757816010318,82.52413537134105
0.039188822906145795,82.58247689723446,2.2175163394522373,0.2254757810849647,82.74961115242601
0.03893329108076247,82.80453913307323,2.256602025046762,0.22547578008316263,82.97508693250917
0.038657477393965474,83.0266479238461,2.2954222889015026,0.22547578101502558,83.20056271352419
0.03836124737330784,83.24880668990826,2.3339555160408056,0.22547577903631452,83.42603849256051
0.03804509730416441,83.47101836705116,2.372182440379461,0.2254757796373065,83.65151427219782
0.037707633070473576,83.69328603577098,2.4100824436456243,0.2254757787562119,83.87699005095402
0.03735027219105457,83.91561292810368,2.4476334703184115,0.2254757784297407,84.10246582938376
0.036972956713703174,84.13800145296894,2.484817744242106,0.2254757774550855,84.32794160683885
0.03657591163752497,84.3604546578595,2.521613096856515,0.22547577772369395,84.55341738456254
0.036158901224230044,84.58297467631384,2.5580022057534566,0.22547577665733842,84.77889316121987
0.03572162367456877,84.80556440483477,2.5939624334896485,0.22547577524394963,85.00436893646382
0.03526529479824068,85.02822585754872,2.629475856634776,0.22547577641106284,85.22984471287488
0.03478982188843873,85.25096129028572,2.664522275882937,0.22547577364021845,85.45532048651509
0.034295557827113334,85.47377251235703,2.6990835854916457,0.2254757743146291,85.68079626082972
0.03378131833612606,85.69666141902313,2.7331402961488345,0.22547577310122874,85.90627203393095
0.03324880711412797,85.91962992204193,2.766671934220331,0.2254757727344664,86.13174780666542
0.032697828672603194,86.1426791337133,2.7996624252153355,0.2254757710338506,86.35722357769927
0.03212871608612427,86.36581074790506,2.832090907415577,0.22547577189053075,86.5826993495898
0.03154150964790727,86.58902551488148,2.863941976526301,0.22547576987303147,86.80817511946283
0.03093592766681959,86.81232482039829,2.8951948547741813,0.2254757686383699,87.0336508881012
0.030313226047563497,87.03570922295219,2.925833577192731,0.22547576946493755,87.25912665756614
0.029673262183758597,87.25917945128454,2.9558398834112762,0.2254757666885554,87.4846024242547
0.029016675363937452,87.48273582072783,2.985197525951294,0.22547576697767513,87.71007819123238
0.028342641534877193,87.70637859393926,3.013889527023831,0.2254757657382476,87.93555395697064
0.027652457600744876,87.93010799893375,3.041897992429824,0.2254757654241042,88.16102972239474
0.026946395850306913,88.15392366794974,3.0692085429944447,0.22547576337428907,88.38650548576904
0.026224772419660702,88.37782545618687,3.095803831920305,0.22547576403869657,88.61198124980773
0.02548766598208027,88.60181263163173,3.1216701150027895,0.22547576225455002,88.83745701206227
0.02473520240302593,88.82588471761413,3.1467902049708507,0.22547576064071126,89.06293277270298
0.023968363459935433,89.05004066682014,3.171150611441776,0.22547576137553008,89.28840853407851
0.023187417830481487,89.27427947244921,3.194736113603347,0.22547575892358282,89.51388429300209
0.022392882446319096,89.49859974610267,3.2175337601321217,0.22547575891703905,89.73936005191914
0.021584223728398414,89.72300008173394,3.2395293658067623,0.22547575767789832,89.96483580959703
0.02076292380045372,89.94747890940155,3.2607089125920035,0.2254757576172058,90.19031156721424
0.019929269731100478,90.17203425115022,3.2810611816873636,0.22547575560399274,90.41578732281823
0.019083553583185937,90.396664204246,3.300572729841683,0.22547575554632646,90.64126307836456
0.018226086253801534,90.62136648127878,3.319232922786803,0.225475755025834,90.8667388333904
0.017357288457461168,90.84613884804331,3.3370289392374293,0.22547575271509257,91.0922145861055
0.016478132016714817,91.07097870163739,3.3539509863386407,0.22547575355745325,91.31769033966295
0.015588822245738087,91.29588339905446,3.3699881864535244,0.22547575192865058,91.5431660915916
0.014689989713665356,91.52085007443705,3.3851311565830926,0.22547575163870784,91.76864184323031
0.013781764130239196,91.74587576490292,3.3993702794219924,0.2254757503344046,91.99411759356472
0.012865146491312427,91.97095736816406,3.412696430087662,0.22547575128641165,92.21959334485113
0.011940482231812068,92.19609158391874,3.425101992055973,0.22547574829950967,92.44506909315065
0.011008577311269046,92.42127507082769,3.4365785295597746,0.2254757496706637,92.67054484282131
0.010069620823752899,92.64650426472375,3.4471200361322896,0.2254757484606388,92.89602059128195
0.009124231066223827,92.87177561903178,3.456718451922887,0.22547574738198628,93.12149633866395
0.008173237256193544,93.09708536301707,3.4653690046861128,0.2254757476932437,93.34697208635718
0.0072170993761400855,93.32242972112577,3.473065290436347,0.22547574713430088,93.57244783349148
0.006256546443822901,93.54780476290962,3.4798034540526914,0.2254757466070182,93.7979235800985
0.005291797740484542,93.7732065383616,3.485578546598943,0.2254757460810915,94.02339932617959
0.004323720220998996,93.99863100434587,3.4903871483260103,0.22547574706575185,94.24887507324534
0.0033531574158933083,94.2240740653646,3.494226040928032,0.22547574339140747,94.47435081663676
0.0023799862610471346,94.44953158290342,3.4970934882924283,0.22547575139946252,94.69982656803622
0.0014057603813063622,94.67499937510186,3.4989860224375056,0.22547573484597166,94.92530230288219
0.0005059478823213441,94.90047325242446,3.4999050109070495,0.2254757501255818,95.15077805300777
4.7917698985784755e-05,95.12594902095654,3.499997918288491,0.2254757876733395,95.37625384068112
9.165094416727291e-07,95.35142479307379,3.5000008463050944,0.2254757721362611,95.60172961281738
-3.925396558912351e-07,95.57690058009295,3.4999997513073744,0.2254757870218228,95.8272053998392
1.179049735622323e-07,95.8023763619081,3.5000000612257827,0.22547578181536193,96.05268118165456
-2.950848632110591e-08,96.02785214514572,3.4999999871173215,0.22547578323762504,96.27815696489219
6.317930401067429e-09,96.25332792805293,3.50000000220881,0.225475782907211,96.5036327477994
-1.109987879388541e-09,96.47880371102514,3.4999999997531823,0.22547578297221094,96.72910853077161
1.3159184852895578e-10,96.70427949398737,3.4999999999888343,0.22547578296223492,96.95458431373385
2.4842350399012503e-12,96.92975527695036,3.500000000016366,0.2254757829629881,97.18006009669683
-7.300160476120254e-12,97.15523105991358,3.4999999999938027,0.22547578296321547,97.40553587966005
2.886357819420482e-12,97.38070684287666,3.5000000000017657,0.22547578296308757,97.63101166262314
-8.391065620116933e-13,97.6061826258398,3.4999999999995755,0.2254757829631444,97.85648744558628
2.0539125955565396e-13,97.83165840880291,3.5000000000000875,0.22547578296310178,98.08196322854938
-4.263256414560601e-14,98.05713419176604,3.4999999999999862,0.2254757829631302,98.30743901151251
7.105427357601002e-15,98.28260997472914,3.500000000000002,0.22547578296310178,98.53291479447562
-1.7763568394002505e-15,98.50808575769224,3.5000000000000004,0.22547578296310178,98.75839057743872
0.0,98.73356154065529,3.4999999999999987,0.22547578296304494,98.98386636040176
8.881784197001252e-16,98.9590373236185,3.5000000000000004,0.22547578296321547,99.20934214336498
0.0,99.1845131065816,3.5000000000000004,0.22547578296310178,99.43481792632808
-4.440892098500626e-16,99.40998888954474,3.5000000000000004,0.2254757829631302,99.66029370929121
2.220446049250313e-16,99.63546467250781,3.4999999999999996,0.22547578296307336,99.88576949225428
0.0,99.86094045547097,3.500000000000001,0.22547578296315862,100.11124527521744
-6.661338147750939e-16,100.08641623843404,3.4999999999999996,0.22547578296307336,100.33672105818052
8.881784197001252e-16,100.31189202139716,3.4999999999999996,0.225475782963116,100.56219684114363
2.220446049250313e-16,100.5373678043603,3.5000000000000013,0.2254757829631444,100.78767262410678
-8.881784197001252e-16,100.7628435873234,3.5,0.22547578296310178,101.01314840706988
4.440892098500626e-16,100.98831937028649,3.4999999999999996,0.22547578296308757,101.23862419003297
6.661338147750939e-16,101.21379515324965,3.500000000000001,0.22547578296315862,101.46409997299612
-4.440892098500626e-16,101.4392709362128,3.500000000000001,0.2254757829631444,101.68957575595927
-4.440892098500626e-16,101.66474671917585,3.5,0.22547578296305915,101.91505153892233
2.220446049250313e-16,101.89022250213897,3.5,0.225475782963116,102.14052732188544
2.220446049250313e-16,102.1156982851021,3.5000000000000004,0.2254757829631302,102.36600310484857
0.0,102.34117406806521,3.5000000000000004,0.225475782963116,102.59147888781169
-4.440892098500626e-16,102.56664985102833,3.5000000000000004,0.225475782963116,102.8169546707748
-4.440892098500626e-16,102.79212563399145,3.4999999999999996,0.225475782963116,103.04243045373792
0.0,103.01760141695455,3.4999999999999996,0.22547578296310178,103.26790623670102
0.0,103.24307719991766,3.4999999999999996,0.225475782963116,103.49338201966414
6.661338147750939e-16,103.4685529828808,3.4999999999999996,0.2254757829631302,103.71885780262727
6.661338147750939e-16,103.69402876584391,3.500000000000001,0.225475782963116,103.94433358559039
2.220446049250313e-16,103.91950454880705,3.500000000000001,0.2254757829631444,104.16980936855353
-4.440892098500626e-16,104.14498033177016,3.5000000000000013,0.22547578296310178,104.39528515151663
-6.661338147750939e-16,104.37045611473323,3.5,0.22547578296307336,104.6207609344797
0.0,104.59593189769637,3.5,0.2254757829631444,104.84623671744285
4.440892098500626e-16,104.82140768065948,3.5,0.22547578296310178,105.07171250040595
2.220446049250313e-16,105.0468834636226,3.500000000000001,0.2254757829631302,105.29718828336908
-4.440892098500626e-16,105.27235924658572,3.5000000000000004,0.225475782963116,105.5226640663322
0.0,105.49783502954884,3.5,0.225475782963116,105.74813984929531
-2.220446049250313e-16,105.72331081251195,3.5000000000000004,0.225475782963116,105.97361563225843
-2.220446049250313e-16,105.94878659547504,3.4999999999999996,0.22547578296308757,106.19909141522152
2.220446049250313e-16,106.1742623784382,3.5,0.22547578296315862,106.42456719818468
0.0,106.39973816140129,3.5,0.22547578296308757,106.65004298114776
0.0,106.6252139443644,3.5,0.225475782963116,106.87551876411088
4.440892098500626e-16,106.85068972732753,3.5,0.2254757829631302,107.10099454707401
2.220446049250313e-16,107.07616551029068,3.500000000000001,0.2254757829631444,107.32647033003715
-4.440892098500626e-16,107.30164129325377,3.5000000000000004,0.22547578296308757,107.55194611300024
-4.440892098500626e-16,107.52711707621688,3.5,0.225475782963116,107.77742189596336
0.0,107.75259285918,3.4999999999999996,0.225475782963116,108.00289767892647
0.0,107.9780686421431,3.5,0.22547578296310178,108.22837346188957
-2.220446049250313e-16,108.20354442510619,3.4999999999999996,0.22547578296308757,108.45384924485266
1.1102230246251565e-15,108.42902020806933,3.4999999999999996,0.2254757829631444,108.6793250278158
-4.440892098500626e-16,108.65449599103246,3.5000000000000018,0.2254757829631302,108.90480081077894
-8.881784197001252e-16,108.87997177399558,3.4999999999999987,0.225475782963116,109.13027659374205
8.881784197001252e-16,109.10544755695867,3.5,0.22547578296308757,109.35575237670514
0.0,109.33092333992181,3.5000000000000004,0.2254757829631444,109.58122815966829
-4.440892098500626e-16,109.5563991228849,3.5,0.22547578296308757,109.80670394263137
2.220446049250313e-16,109.781874905848,3.4999999999999996,0.22547578296310178,110.03217972559447
4.440892098500626e-16,110.00735068881114,3.5000000000000004,0.2254757829631444,110.25765550855762
-4.440892098500626e-16,110.23282647177427,3.5000000000000004,0.2254757829631302,110.48313129152075
-2.220446049250313e-16,110.45830225473733,3.4999999999999996,0.22547578296305915,110.70860707448381
0.0,110.6837780377005,3.5,0.22547578296317283,110.93408285744698
-2.220446049250313e-16,110.90925382066357,3.4999999999999996,0.22547578296305915,111.15955864041004
4.440892098500626e-16,111.13472960362672,3.4999999999999996,0.22547578296315862,111.3850344233732
2.220446049250313e-16,111.36020538658984,3.5000000000000004,0.225475782963116,111.61051020633631
0.0,111.58568116955297,3.5,0.2254757829631302,111.83598598929945
0.0,111.81115695251607,3.5000000000000004,0.22547578296310178,112.06146177226255
2.220446049250313e-16,112.03663273547919,3.5,0.225475782963116,112.28693755522566
2.220446049250313e-16,112.2621085184423,3.500000000000001,0.225475782963116,112.51241333818878
0.0,112.48758430140542,3.5000000000000004,0.225475782963116,112.7378891211519
-2.220446049250313e-16,112.71306008436854,3.500000000000001,0.225475782963116,112.96336490411501
-8.881784197001252e-16,112.93853586733164,3.5,0.22547578296310178,113.18884068707811
-4.440892098500626e-16,113.16401165029473,3.499999999999999,0.22547578296308757,113.4143164700412
4.440892098500626e-16,113.38948743325786,3.499999999999999,0.2254757829631302,113.63979225300433
4.440892098500626e-16,113.614963216221,3.5,0.2254757829631444,113.86526803596747
6.661338147750939e-16,113.84043899918412,3.5,0.225475782963116,114.09074381893059
8.881784197001252e-16,114.06591478214729,3.5000000000000013,0.22547578296317283,114.31621960189376
-4.440892098500626e-16,114.29139056511036,3.5000000000000018,0.22547578296307336,114.54169538485684
-8.881784197001252e-16,114.51686634807344,3.5000000000000004,0.22547578296307336,114.76717116781991
2.220446049250313e-16,114.74234213103657,3.5,0.2254757829631302,114.99264695078304
2.220446049250313e-16,114.9678179139997,3.500000000000001,0.2254757829631302,115.21812273374617
-4.440892098500626e-16,115.19329369696281,3.5000000000000004,0.225475782963116,115.44359851670929
-4.440892098500626e-16,115.4187694799259,3.5,0.22547578296308757,115.66907429967237
-2.220446049250313e-16,115.644245262889,3.4999999999999996,0.22547578296310178,115.89455008263548
6.661338147750939e-16,115.86972104585213,3.4999999999999996,0.2254757829631302,116.1200258655986
2.220446049250313e-16,116.09519682881528,3.500000000000001,0.2254757829631444,116.34550164856175
-4.440892098500626e-16,116.32067261177835,3.5,0.22547578296307336,116.57097743152482
0.0,116.54614839474148,3.5,0.2254757829631302,116.79645321448795
0.0,116.77162417770458,3.5,0.22547578296310178,117.02192899745106
-2.220446049250313e-16,116.9970999606677,3.5,0.225475782963116,117.24740478041417
2.220446049250313e-16,117.22257574363081,3.4999999999999996,0.225475782963116,117.47288056337729
6.661338147750939e-16,117.44805152659399,3.5000000000000004,0.22547578296317283,117.69835634634046
2.220446049250313e-16,117.67352730955707,3.500000000000001,0.22547578296308757,117.92383212930355
-8.881784197001252e-16,117.89900309252019,3.500000000000001,0.225475782963116,118.14930791226666
-6.661338147750939e-16,118.12447887548329,3.499999999999999,0.22547578296310178,118.37478369522977
2.220446049250313e-16,118.34995465844639,3.4999999999999996,0.22547578296310178,118.60025947819287
0.0,118.57543044140952,3.4999999999999996,0.2254757829631302,118.825735261156
8.881784197001252e-16,118.80090622437264,3.4999999999999996,0.225475782963116,119.05121104411911
6.661338147750939e-16,119.02638200733578,3.5000000000000013,0.2254757829631444,119.27668682708226
-8.881784197001252e-16,119.25185779029891,3.500000000000001,0.2254757829631302,119.50216261004539
-8.881784197001252e-16,119.47733357326199,3.4999999999999996,0.22547578296307336,119.72763839300846
6.661338147750939e-16,119.70280935622506,3.499999999999999,0.22547578296307336,119.95311417597154
6.661338147750939e-16,119.92828513918825,3.500000000000001,0.22547578296318704,120.17858995893472
-6.661338147750939e-16,120.15376092215133,3.5000000000000004,0.22547578296308757,120.40406574189781
-2.220446049250313e-16,120.37923670511448,3.4999999999999996,0.2254757829631444,120.62954152486095
6.661338147750939e-16,120.60471248807758,3.5,0.22547578296310178,120.85501730782406
0.0,120.83018827104068,3.500000000000001,0.22547578296310178,121.08049309078716
-6.661338147750939e-16,121.05566405400381,3.5,0.2254757829631302,121.30596887375029
-6.661338147750939e-16,121.28113983696689,3.4999999999999996,0.22547578296307336,121.53144465671336
4.440892098500626e-16,121.50661561993002,3.4999999999999987,0.2254757829631302,121.75692043967649
6.661338147750939e-16,121.73209140289313,3.5000000000000004,0.225475782963116,121.98239622263961
-2.220446049250313e-16,121.95756718585625,3.5,0.225475782963116,122.20787200560272
2.220446049250313e-16,122.18304296881935,3.5,0.22547578296310178,122.43334778856583
4.440892098500626e-16,122.4085187517825,3.5000000000000004,0.2254757829631444,122.65882357152897
0.0,122.63399453474565,3.500000000000001,0.22547578296315862,122.88429935449213
-6.661338147750939e-16,122.85947031770874,3.5000000000000004,0.22547578296308757,123.10977513745522
-2.220446049250313e-16,123.08494610067186,3.4999999999999996,0.225475782963116,123.33525092041833
0.0,123.31042188363493,3.5,0.22547578296307336,123.5607267033814
-2.220446049250313e-16,123.53589766659807,3.4999999999999996,0.2254757829631444,123.78620248634455
4.440892098500626e-16,123.76137344956116,3.4999999999999996,0.22547578296308757,124.01167826930764
8.881784197001252e-16,123.98684923252432,3.5000000000000004,0.22547578296315862,124.2371540522708
-2.220446049250313e-16,124.21232501548745,3.5000000000000013,0.2254757829631302,124.46262983523393
-6.661338147750939e-16,124.4378007984505,3.5,0.22547578296304494,124.68810561819697
0.0,124.66327658141365,3.5,0.22547578296315862,124.91358140116013
6.661338147750939e-16,124.88875236437674,3.5,0.22547578296308757,125.13905718412322
4.440892098500626e-16,125.1142281473399,3.5000000000000013,0.22547578296315862,125.36453296708638
-8.881784197001252e-16,125.339703930303,3.500000000000001,0.22547578296310178,125.59000875004948
-4.440892098500626e-16,125.56517971326606,3.4999999999999996,0.22547578296305915,125.81548453301254
8.881784197001252e-16,125.7906554962292,3.5,0.2254757829631444,126.04096031597568
2.220446049250313e-16,126.01613127919238,3.5000000000000013,0.22547578296317283,126.26643609893885
-8.881784197001252e-16,126.24160706215547,3.5000000000000004,0.22547578296308757,126.49191188190194
0.0,126.46708284511855,3.4999999999999996,0.22547578296308757,126.71738766486503
2.220446049250313e-16,126.69255862808166,3.5000000000000004,0.22547578296310178,126.94286344782813
0.0,126.91803441104483,3.5,0.22547578296317283,127.1683392307913
0.0,127.14351019400794,3.5000000000000004,0.225475782963116,127.39381501375442
2.220446049250313e-16,127.36898597697103,3.5,0.22547578296308757,127.61929079671751
0.0,127.59446175993419,3.500000000000001,0.22547578296315862,127.84476657968067
0.0,127.81993754289729,3.5,0.22547578296310178,128.07024236264377
2.220446049250313e-16,128.04541332586044,3.500000000000001,0.2254757829631444,128.2957181456069
-2.220446049250313e-16,128.27088910882358,3.5000000000000004,0.2254757829631444,128.52119392857006
-1.1102230246251565e-15,128.4963648917866,3.5000000000000004,0.22547578296303072,128.7466697115331
-4.440892098500626e-16,128.72184067474967,3.4999999999999982,0.22547578296305915,128.97214549449615
1.1102230246251565e-15,128.94731645771282,3.4999999999999996,0.2254757829631444,129.1976212774593
8.881784197001252e-16,129.172792240676,3.5000000000000004,0.22547578296317283,129.42309706042246
-2.220446049250313e-16,129.3982680236391,3.5000000000000013,0.225475782963116,129.64857284338558
-4.440892098500626e-16,129.62374380660222,3.5,0.225475782963116,129.8740486263487
-2.220446049250313e-16,129.8492195895653,3.5000000000000004,0.22547578296308757,130.09952440931178
-6.661338147750939e-16,130.0746953725284,3.4999999999999996,0.22547578296308757,130.32500019227487
4.440892098500626e-16,130.30017115549154,3.499999999999999,0.2254757829631444,130.55047597523802
2.220446049250313e-16,130.52564693845468,3.5000000000000004,0.2254757829631444,130.77595175820116
-4.440892098500626e-16,130.75112272141774,3.4999999999999996,0.22547578296305915,131.00142754116422
2.220446049250313e-16,130.97659850438086,3.4999999999999996,0.225475782963116,131.22690332412733
6.661338147750939e-16,131.202074287344,3.5,0.2254757829631444,131.45237910709048
-2.220446049250313e-16,131.42755007030718,3.500000000000001,0.22547578296317283,131.67785489005365
4.440892098500626e-16,131.65302585327024,3.4999999999999996,0.22547578296305915,131.9033306730167
4.440892098500626e-16,131.8785016362334,3.5000000000000018,0.22547578296317283,132.12880645597988
-6.661338147750939e-16,132.10397741919644,3.5000000000000004,0.22547578296303072,132.35428223894291
-2.220446049250313e-16,132.32945320215958,3.5000000000000004,0.2254757829631444,132.57975802190606
2.220446049250313e-16,132.55492898512267,3.5,0.22547578296308757,132.80523380486915
6.661338147750939e-16,132.78040476808584,3.500000000000001,0.22547578296317283,133.03070958783232
2.220446049250313e-16,133.0058805510489,3.5000000000000013,0.22547578296305915,133.25618537079538
-2.220446049250313e-16,133.23135633401208,3.5000000000000013,0.22547578296317283,133.48166115375855
-6.661338147750939e-16,133.45683211697516,3.500000000000001,0.22547578296308757,133.70713693672164
-8.881784197001252e-16,133.68230789993828,3.5,0.225475782963116,133.93261271968476
4.440892098500626e-16,133.9077836829014,3.499999999999999,0.225475782963116,134.15808850264787
6.661338147750939e-16,134.1332594658645,3.500000000000001,0.225475782963116,134.383564285611
-2.220446049250313e-16,134.35873524882768,3.5000000000000004,0.22547578296317283,134.60904006857416
-2.220446049250313e-16,134.58421103179074,3.5000000000000004,0.22547578296305915,134.83451585153722
0.0,134.80968681475383,3.5,0.22547578296308757,135.0599916345003
4.440892098500626e-16,135.03516259771695,3.5000000000000004,0.225475782963116,135.28546741746342
0.0,135.2606383806801,3.500000000000001,0.2254757829631444,135.51094320042657
-6.661338147750939e-16,135.4861141636432,3.5000000000000004,0.225475782963116,135.73641898338968
0.0,135.7115899466063,3.4999999999999996,0.22547578296308757,135.96189476635277
6.661338147750939e-16,135.93706572956944,3.5000000000000004,0.2254757829631444,136.18737054931592
2.220446049250313e-16,136.16254151253258,3.500000000000001,0.2254757829631444,136.41284633227906
-4.440892098500626e-16,136.38801729549567,3.500000000000001,0.22547578296308757,136.63832211524215
-2.220446049250313e-16,136.61349307845876,3.5,0.22547578296308757,136.86379789820523
0.0,136.83896886142193,3.5000000000000004,0.22547578296317283,137.0892736811684
0.0,137.064444644385,3.5,0.22547578296305915,137.31474946413147
0.0,137.28992042734814,3.5000000000000004,0.2254757829631444,137.5402252470946
0.0,137.51539621031122,3.5,0.22547578296308757,137.7657010300577
2.220446049250313e-16,137.7408719932743,3.5000000000000004,0.22547578296308757,137.9911768130208
2.220446049250313e-16,137.9663477762375,3.5000000000000004,0.22547578296320125,138.216652595984
0.0,138.19182355920063,3.500000000000001,0.225475782963116,138.4421283789471
-6.661338147750939e-16,138.41729934216372,3.5000000000000004,0.22547578296308757,138.6676041619102
-2.220446049250313e-16,138.64277512512678,3.4999999999999996,0.22547578296305915,138.89307994487325
0.0,138.8682509080899,3.5,0.225475782963116,139.11855572783637
2.220446049250313e-16,139.09372669105306,3.4999999999999996,0.22547578296317283,139.34403151079954
0.0,139.31920247401618,3.5000000000000004,0.225475782963116,139.56950729376265
0.0,139.5446782569792,3.4999999999999996,0.22547578296303072,139.79498307672569
2.220446049250313e-16,139.77015403994238,3.5000000000000004,0.22547578296317283,140.02045885968886
0.0,139.99562982290547,3.5,0.22547578296308757,140.24593464265195
0.0,140.22110560586864,3.5000000000000004,0.22547578296317283,140.47141042561512
-4.440892098500626e-16,140.44658138883173,3.5,0.22547578296308757,140.6968862085782
2.220446049250313e-16,140.67205717179485,3.4999999999999996,0.225475782963116,140.92236199154132
4.440892098500626e-16,140.89753295475793,3.5000000000000004,0.22547578296308757,141.1478377745044
-2.220446049250313e-16,141.1230087377211,3.5000000000000004,0.22547578296317283,141.37331355746758
-2.220446049250313e-16,141.3484845206842,3.5,0.22547578296308757,141.59878934043067
4.440892098500626e-16,141.57396030364734,3.5,0.2254757829631444,141.82426512339381
2.220446049250313e-16,141.79943608661046,3.500000000000001,0.225475782963116,142.04974090635693
-2.220446049250313e-16,142.02491186957354,3.5000000000000004,0.22547578296308757,142.27521668932002
-2.220446049250313e-16,142.25038765253666,3.5000000000000004,0.225475782963116,142.50069247228313
-4.440892098500626e-16,142.47586343549978,3.5,0.225475782963116,142.72616825524625
2.220446049250313e-16,142.70133921846283,3.4999999999999996,0.22547578296305915,142.9516440382093
4.440892098500626e-16,142.92681500142604,3.5000000000000004,0.22547578296320125,143.1771198211725
-2.220446049250313e-16,143.1522907843891,3.5000000000000004,0.22547578296305915,143.40259560413557
-6.661338147750939e-16,143.37776656735215,3.5,0.22547578296305915,143.62807138709863
2.220446049250313e-16,143.6032423503153,3.499999999999999,0.2254757829631444,143.85354717006177
6.661338147750939e-16,143.82871813327847,3.5000000000000004,0.22547578296317283,144.07902295302495
4.440892098500626e-16,144.0541939162416,3.5000000000000004,0.225475782963116,144.30449873598806
-6.661338147750939e-16,144.27966969920473,3.5000000000000013,0.2254757829631444,144.5299745189512
-4.440892098500626e-16,144.50514548216773,3.499999999999999,0.2254757829630023,144.7554503019142
4.440892098500626e-16,144.73062126513094,3.5000000000000004,0.22547578296320125,144.9809260848774
-4.440892098500626e-16,144.95609704809405,3.5,0.225475782963116,145.20640186784053
6.661338147750939e-16,145.18157283105717,3.4999999999999996,0.225475782963116,145.43187765080364
2.220446049250313e-16,145.4070486140203,3.5000000000000013,0.2254757829631444,145.6573534337668
-8.881784197001252e-16,145.6325243969834,3.5,0.22547578296308757,145.88282921672987
0.0,145.8580001799465,3.4999999999999996,0.22547578296308757,146.10830499969296
4.440892098500626e-16,146.0834759629096,3.5,0.225475782963116,146.33378078265608
2.220446049250313e-16,146.30895174587272,3.5000000000000004,0.225475782963116,146.5592565656192
0.0,146.53442752883586,3.5000000000000004,0.2254757829631444,146.78473234858234
2.220446049250313e-16,146.75990331179898,3.5000000000000004,0.225475782963116,147.01020813154545
-8.881784197001252e-16,146.98537909476218,3.500000000000001,0.22547578296320125,147.23568391450866
-4.440892098500626e-16,147.21085487772518,3.4999999999999987,0.2254757829630023,147.46115969747166
4.440892098500626e-16,147.43633066068827,3.5,0.22547578296308757,147.68663548043475
2.220446049250313e-16,147.6618064436514,3.4999999999999996,0.225475782963116,147.91211126339786
2.220446049250313e-16,147.88728222661453,3.5000000000000004,0.2254757829631444,148.137587046361
-4.440892098500626e-16,148.11275800957765,3.5,0.225475782963116,148.36306282932412
-2.220446049250313e-16,148.33823379254076,3.4999999999999996,0.225475782963116,148.58853861228724
2.220446049250313e-16,148.5637095755038,3.4999999999999996,0.22547578296303072,148.81401439525027
4.440892098500626e-16,148.789185358467,3.5,0.22547578296320125,149.03949017821347
8.881784197001252e-16,149.0146611414301,3.5000000000000004,0.225475782963116,149.26496596117659
-4.440892098500626e-16,149.24013692439325,3.5000000000000018,0.2254757829631444,149.49044174413973
-8.881784197001252e-16,149.46561270735634,3.4999999999999996,0.22547578296308757,149.71591752710282
0.0,149.69108849031946,3.5,0.225475782963116,149.94139331006593
2.220446049250313e-16,149.91656427328255,3.4999999999999996,0.22547578296308757,150.16686909302902
4.440892098500626e-16,150.14204005624572,3.5000000000000004,0.22547578296317283,150.3923448759922
0.0,150.36751583920883,3.5000000000000004,0.225475782963116,150.6178206589553
-6.661338147750939e-16,150.59299162217195,3.5000000000000004,0.225475782963116,150.84329644191843
0.0,150.81846740513504,3.499999999999999,0.22547578296308757,151.0687722248815
4.440892098500626e-16,151.04394318809818,3.5000000000000004,0.2254757829631444,151.29424800784466
2.220446049250313e-16,151.2694189710613,3.5,0.225475782963116,151.51972379080777
-6.661338147750939e-16,151.4948947540244,3.500000000000001,0.22547578296308757,151.74519957377086
-4.440892098500626e-16,151.72037053698745,3.4999999999999987,0.22547578296305915,151.97067535673392
8.881784197001252e-16,151.9458463199506,3.5,0.2254757829631444,152.19615113969706
0.0,152.17132210291376,3.5000000000000004,0.22547578296317283,152.42162692266024
-4.440892098500626e-16,152.39679788587682,3.5,0.22547578296305915,152.6471027056233
4.440892098500626e-16,152.6222736688399,3.4999999999999996,0.22547578296308757,152.87257848858638
2.220446049250313e-16,152.8477494518031,3.500000000000001,0.22547578296320125,153.0980542715496
0.0,153.07322523476617,3.5,0.22547578296305915,153.32353005451264
-2.220446049250313e-16,153.29870101772931,3.500000000000001,0.2254757829631444,153.5490058374758
-2.220446049250313e-16,153.5241768006924,3.4999999999999996,0.22547578296308757,153.77448162043888
2.220446049250313e-16,153.74965258365555,3.5000000000000004,0.2254757829631444,153.99995740340202
4.440892098500626e-16,153.9751283666187,3.5,0.2254757829631444,154.22543318636517
2.220446049250313e-16,154.20060414958178,3.5000000000000013,0.22547578296308757,154.45090896932825
-6.661338147750939e-16,154.42607993254487,3.5000000000000004,0.22547578296308757,154.67638475229134
-2.220446049250313e-16,154.65155571550798,3.5,0.225475782963116,154.90186053525446
0.0,154.87703149847113,3.5,0.2254757829631444,155.1273363182176
2.220446049250313e-16,155.10250728143424,3.5,0.225475782963116,155.35281210118072
4.440892098500626e-16,155.3279830643974,3.5000000000000004,0.2254757829631444,155.57828788414386
-2.220446049250313e-16,155.55345884736045,3.500000000000001,0.22547578296305915,155.80376366710692
-2.220446049250313e-16,155.7789346303236,3.5,0.2254757829631444,156.02923945007007
2.220446049250313e-16,156.00441041328665,3.5000000000000004,0.22547578296305915,156.25471523303312
2.220446049250313e-16,156.22988619624985,3.5000000000000004,0.22547578296320125,156.48019101599633
-4.440892098500626e-16,156.4553619792129,3.500000000000001,0.22547578296305915,156.70566679895938
-2.220446049250313e-16,156.68083776217603,3.4999999999999996,0.225475782963116,156.9311425819225
0.0,156.90631354513914,3.5000000000000004,0.225475782963116,157.15661836488562
2.220446049250313e-16,157.13178932810226,3.4999999999999996,0.225475782963116,157.38209414784873
0.0,157.3572651110654,3.500000000000001,0.2254757829631444,157.60756993081188
-4.440892098500626e-16,157.5827408940285,3.4999999999999996,0.22547578296308757,157.83304571377496
-2.220446049250313e-16,157.80821667699163,3.5,0.2254757829631444,158.0585214967381
4.440892098500626e-16,158.03369245995472,3.499999999999999,0.22547578296308757,158.2839972797012
6.661338147750939e-16,158.25916824291792,3.500000000000001,0.22547578296320125,158.5094730626644
-4.440892098500626e-16,158.48464402588095,3.5000000000000004,0.22547578296303072,158.73494884562743
2.220446049250313e-16,158.71011980884404,3.5,0.22547578296308757,158.96042462859052
8.881784197001252e-16,158.9355955918072,3.500000000000001,0.22547578296317283,159.1859004115537
-2.220446049250313e-16,159.16107137477033,3.5000000000000018,0.225475782963116,159.4113761945168
-8.881784197001252e-16,159.38654715773345,3.5000000000000004,0.225475782963116,159.63685197747992
2.220446049250313e-16,159.61202294069653,3.5,0.22547578296308757,159.862327760443
-4.440892098500626e-16,159.83749872365968,3.500000000000001,0.2254757829631444,160.08780354340615
0.0,160.0629745066227,3.499999999999999,0.22547578296303072,160.31327932636918
6.661338147750939e-16,160.2884502895859,3.500000000000001,0.22547578296320125,160.53875510933239
0.0,160.51392607254903,3.5000000000000004,0.225475782963116,160.7642308922955
-4.440892098500626e-16,160.73940185551217,3.500000000000001,0.2254757829631444,160.98970667525865
-4.440892098500626e-16,160.96487763847514,3.4999999999999996,0.22547578296297388,161.21518245822162
8.881784197001252e-16,161.19035342143835,3.5,0.22547578296320125,161.44065824118482
-4.440892098500626e-16,161.4158292044015,3.5000000000000013,0.2254757829631444,161.66613402414796
-6.661338147750939e-16,161.64130498736455,3.499999999999999,0.22547578296305915,161.89160980711102
6.661338147750939e-16,161.86678077032767,3.5,0.225475782963116,162.11708559007414
2.220446049250313e-16,162.09225655329087,3.5000000000000004,0.22547578296320125,162.34256137303734
2.220446049250313e-16,162.3177323362539,3.5000000000000004,0.22547578296303072,162.56803715600037
4.440892098500626e-16,162.5432081192171,3.500000000000001,0.22547578296320125,162.79351293896357
-4.440892098500626e-16,162.76868390218021,3.5000000000000013,0.225475782963116,163.0189887219267
-6.661338147750939e-16,162.99415968514327,3.5,0.22547578296305915,163.24446450488975
-2.220446049250313e-16,163.2196354681064,3.5,0.225475782963116,163.46994028785286
0.0,163.44511125106945,3.4999999999999996,0.22547578296305915,163.69541607081592
2.220446049250313e-16,163.6705870340326,3.5,0.2254757829631444,163.92089185377907
0.0,163.89606281699577,3.5,0.22547578296317283,164.14636763674224
-2.220446049250313e-16,164.12153859995882,3.5,0.22547578296305915,164.3718434197053
0.0,164.3470143829219,3.4999999999999996,0.22547578296308757,164.5973192026684
4.440892098500626e-16,164.57249016588506,3.5,0.2254757829631444,164.82279498563153
4.440892098500626e-16,164.79796594884823,3.5000000000000004,0.22547578296317283,165.0482707685947
2.220446049250313e-16,165.0234417318113,3.500000000000001,0.22547578296305915,165.27374655155776
-4.440892098500626e-16,165.2489175147745,3.500000000000001,0.22547578296320125,165.49922233452097
-4.440892098500626e-16,165.47439329773752,3.5,0.22547578296303072,165.724698117484
-4.440892098500626e-16,165.6998690807007,3.5,0.22547578296317283,165.95017390044717
2.220446049250313e-16,165.92534486366372,3.499999999999999,0.22547578296303072,166.1756496834102
6.661338147750939e-16,166.1508206466269,3.5000000000000004,0.22547578296317283,166.40112546637337
-4.440892098500626e-16,166.37629642959,3.5000000000000004,0.225475782963116,166.6266012493365
-4.440892098500626e-16,166.6017722125531,3.4999999999999996,0.22547578296308757,166.85207703229958
2.220446049250313e-16,166.82724799551622,3.4999999999999996,0.225475782963116,167.0775528152627
6.661338147750939e-16,167.0527237784794,3.5,0.22547578296317283,167.30302859822586
0.0,167.27819956144245,3.500000000000001,0.22547578296305915,167.52850438118892
-2.220446049250313e-16,167.5036753444056,3.5,0.2254757829631444,167.75398016415207
4.440892098500626e-16,167.72915112736868,3.5000000000000004,0.22547578296308757,167.97945594711516
-6.661338147750939e-16,167.95462691033185,3.500000000000001,0.22547578296317283,168.20493173007833
-6.661338147750939e-16,168.1801026932949,3.499999999999999,0.22547578296305915,168.4304075130414
4.440892098500626e-16,168.40557847625803,3.4999999999999996,0.225475782963116,168.6558832960045
4.440892098500626e-16,168.63105425922117,3.5,0.2254757829631444,168.88135907896765
2.220446049250313e-16,168.8565300421843,3.5000000000000004,0.225475782963116,169.10683486193076
0.0,169.08200582514743,3.5000000000000004,0.2254757829631444,169.3323106448939
-2.220446049250313e-16,169.30748160811052,3.5000000000000004,0.22547578296308757,169.557786427857
0.0,169.53295739107367,3.5,0.2254757829631444,169.78326221082014
6.661338147750939e-16,169.7584331740367,3.5000000000000004,0.22547578296303072,170.00873799378317
2.220446049250313e-16,169.98390895699987,3.5000000000000013,0.22547578296317283,170.23421377674634
-4.440892098500626e-16,170.209384739963,3.500000000000001,0.2254757829631444,170.4596895597095
-6.661338147750939e-16,170.4348605229261,3.5000000000000004,0.22547578296308757,170.68516534267258
-2.220446049250313e-16,170.66033630588916,3.4999999999999996,0.22547578296305915,170.91064112563564
2.220446049250313e-16,170.8858120888523,3.5,0.2254757829631444,171.13611690859878
2.220446049250313e-16,171.1112878718154,3.5,0.22547578296308757,171.36159269156187
-2.220446049250313e-16,171.33676365477857,3.5000000000000004,0.22547578296317283,171.58706847452504
-4.440892098500626e-16,171.56223943774168,3.4999999999999996,0.225475782963116,171.81254425748816
8.881784197001252e-16,171.78771522070477,3.4999999999999996,0.22547578296308757,172.03802004045124
-2.220446049250313e-16,172.0131910036679,3.5000000000000013,0.2254757829631444,172.2634958234144
-4.440892098500626e-16,172.23866678663097,3.499999999999999,0.22547578296305915,172.48897160637745
2.220446049250313e-16,172.46414256959415,3.5000000000000004,0.22547578296317283,172.71444738934062
-2.220446049250313e-16,172.6896183525572,3.4999999999999996,0.22547578296305915,172.93992317230368
0.0,172.91509413552035,3.5,0.2254757829631444,173.16539895526682
2.220446049250313e-16,173.1405699184834,3.4999999999999996,0.22547578296305915,173.39087473822988
2.220446049250313e-16,173.36604570144655,3.5000000000000004,0.2254757829631444,173.61635052119303
2.220446049250313e-16,173.59152148440975,3.5,0.22547578296320125,173.84182630415623
4.440892098500626e-16,173.81699726737284,3.500000000000001,0.22547578296308757,174.06730208711932
0.0,174.042473050336,3.500000000000001,0.22547578296317283,174.2927778700825
-4.440892098500626e-16,174.26794883329904,3.500000000000001,0.22547578296303072,174.51825365304552
-4.440892098500626e-16,174.49342461626213,3.5,0.22547578296308757,174.7437294360086
-2.220446049250313e-16,174.71890039922525,3.5,0.225475782963116,174.96920521897172
-2.220446049250313e-16,174.94437618218834,3.4999999999999996,0.22547578296308757,175.1946810019348
6.661338147750939e-16,175.16985196515148,3.4999999999999996,0.2254757829631444,175.42015678489796
2.220446049250313e-16,175.39532774811462,3.500000000000001,0.2254757829631444,175.6456325678611
-2.220446049250313e-16,175.62080353107774,3.5,0.225475782963116,175.87110835082422
0.0,175.84627931404088,3.5000000000000004,0.2254757829631444,176.09658413378736
0.0,176.0717550970039,3.5,0.2254757829630023,176.32205991675036
0.0,176.29723087996706,3.5000000000000004,0.22547578296317283,176.54753569971353
-2.220446049250313e-16,176.5227066629302,3.5,0.2254757829631444,176.77301148267668
2.220446049250313e-16,176.74818244589332,3.5,0.225475782963116,176.9984872656398
2.220446049250313e-16,176.97365822885646,3.5000000000000004,0.2254757829631444,177.22396304860294
0.0,177.19913401181955,3.5000000000000004,0.22547578296308757,177.44943883156603
-4.440892098500626e-16,177.42460979478264,3.5000000000000004,0.22547578296308757,177.67491461452911
-6.661338147750939e-16,177.65008557774573,3.4999999999999996,0.22547578296308757,177.9003903974922
2.220446049250313e-16,177.87556136070884,3.499999999999999,0.225475782963116,178.12586618045532
8.881784197001252e-16,178.10103714367202,3.5,0.22547578296317283,178.3513419634185
0.0,178.32651292663516,3.500000000000001,0.2254757829631444,178.57681774638164
-1.3322676295501878e-15,178.55198870959828,3.5,0.225475782963116,178.80229352934475
0.0,178.77746449256125,3.4999999999999982,0.22547578296297388,179.02776931230773
1.1102230246251565e-15,179.00294027552442,3.5,0.22547578296317283,179.2532450952709
0.0,179.22841605848762,3.5000000000000004,0.22547578296320125,179.4787208782341
2.220446049250313e-16,179.4538918414507,3.5,0.22547578296308757,179.7041966611972
0.0,179.67936762441386,3.500000000000001,0.2254757829631444,179.92967244416033
-6.661338147750939e-16,179.90484340737692,3.5,0.22547578296305915,180.1551482271234
4.440892098500626e-16,180.13031919033995,3.4999999999999996,0.22547578296303072,180.38062401008642
8.881784197001252e-16,180.35579497330326,3.500000000000001,0.22547578296331494,180.60609979304974
4.440892098500626e-16,180.5812707562663,3.5000000000000013,0.22547578296303072,180.83157557601277
-6.661338147750939e-16,180.8067465392294,3.5000000000000018,0.225475782963116,181.05705135897588
-8.881784197001252e-16,181.03222232219252,3.5,0.225475782963116,181.282527141939
-2.220446049250313e-16,181.25769810515558,3.5,0.22547578296305915,181.50800292490206
0.0,181.48317388811873,3.4999999999999996,0.2254757829631444,181.7334787078652
8.881784197001252e-16,181.70864967108184,3.5,0.225475782963116,181.95895449082832
-2.220446049250313e-16,181.934125454045,3.5000000000000013,0.2254757829631444,182.18443027379146
-6.661338147750939e-16,182.15960123700805,3.4999999999999996,0.22547578296305915,182.40990605675452
4.440892098500626e-16,182.3850770199712,3.5,0.2254757829631444,182.63538183971767
0.0,182.6105528029343,3.5000000000000004,0.225475782963116,182.86085762268078
-2.220446049250313e-16,182.83602858589745,3.5,0.2254757829631444,183.08633340564393
-6.661338147750939e-16,183.06150436886054,3.5,0.22547578296308757,183.31180918860701
2.220446049250313e-16,183.28698015182357,3.4999999999999987,0.22547578296303072,183.53728497157005
8.881784197001252e-16,183.51245593478683,3.5000000000000004,0.2254757829632581,183.7627607545333
2.220446049250313e-16,183.7379317177499,3.5000000000000004,0.22547578296305915,183.98823653749636
2.220446049250313e-16,183.963407500713,3.500000000000001,0.225475782963116,184.21371232045948
-6.661338147750939e-16,184.18888328367612,3.500000000000001,0.225475782963116,184.4391881034226
-4.440892098500626e-16,184.4143590666392,3.4999999999999996,0.22547578296308757,184.66466388638568
0.0,184.63983484960238,3.5,0.22547578296317283,184.89013966934886
0.0,184.86531063256544,3.4999999999999996,0.22547578296305915,185.1156154523119
2.220446049250313e-16,185.09078641552853,3.5,0.22547578296308757,185.341091235275
4.440892098500626e-16,185.3162621984917,3.5,0.22547578296317283,185.56656701823817
4.440892098500626e-16,185.54173798145487,3.500000000000001,0.22547578296317283,185.79204280120135
0.0,185.767213764418,3.500000000000001,0.225475782963116,186.01751858416446
-4.440892098500626e-16,185.9926895473811,3.500000000000001,0.225475782963116,186.24299436712758
-4.440892098500626e-16,186.21816533034416,3.5,0.22547578296305915,186.46847015009064
2.220446049250313e-16,186.4436411133073,3.5,0.2254757829631444,186.69394593305378
6.661338147750939e-16,186.66911689627045,3.5000000000000004,0.2254757829631444,186.91942171601693
2.220446049250313e-16,186.89459267923354,3.5000000000000013,0.22547578296308757,187.14489749898001
-4.440892098500626e-16,187.12006846219666,3.500000000000001,0.225475782963116,187.37037328194313
-2.220446049250313e-16,187.34554424515977,3.5000000000000004,0.225475782963116,187.59584906490625
0.0,187.5710200281228,3.5000000000000004,0.22547578296303072,187.82132484786928
0.0,187.79649581108595,3.5000000000000004,0.2254757829631444,188.04680063083242
-6.661338147750939e-16,188.0219715940491,3.5000000000000004,0.2254757829631444,188.27227641379557
0.0,188.24744737701215,3.499999999999999,0.22547578296305915,188.49775219675863
6.661338147750939e-16,188.47292315997532,3.5000000000000004,0.22547578296317283,188.7232279797218
-2.220446049250313e-16,188.6983989429384,3.5000000000000004,0.22547578296308757,188.9487037626849
-2.220446049250313e-16,188.9238747259015,3.5,0.22547578296308757,189.17417954564797
4.440892098500626e-16,189.14935050886467,3.5,0.22547578296317283,189.39965532861115
0.0,189.37482629182784,3.500000000000001,0.22547578296317283,189.62513111157432
-4.440892098500626e-16,189.60030207479087,3.5,0.22547578296303072,189.85060689453735
2.220446049250313e-16,189.82577785775405,3.5,0.22547578296317283,190.07608267750052
4.440892098500626e-16,190.05125364071705,3.5000000000000004,0.2254757829630023,190.30155846046353
4.440892098500626e-16,190.27672942368025,3.500000000000001,0.22547578296320125,190.52703424342673
0.0,190.50220520664337,3.5000000000000013,0.225475782963116,190.75251002638984
-6.661338147750939e-16,190.72768098960654,3.500000000000001,0.22547578296317283,190.97798580935302
-8.881784197001252e-16,190.95315677256957,3.5,0.22547578296303072,191.20346159231605
2.220446049250313e-16,191.17863255553263,3.499999999999999,0.22547578296305915,191.4289373752791
2.220446049250313e-16,191.40410833849586,3.5000000000000004,0.22547578296322968,191.65441315824233
0.0,191.62958412145892,3.4999999999999996,0.22547578296305915,191.8798889412054
2.220446049250313e-16,191.85505990442206,3.5000000000000004,0.2254757829631444,192.10536472416854
-2.220446049250313e-16,192.08053568738515,3.5,0.22547578296308757,192.33084050713163
0.0,192.3060114703483,3.5,0.2254757829631444,192.55631629009477
2.220446049250313e-16,192.5314872533114,3.5,0.225475782963116,192.7817920730579
6.661338147750939e-16,192.7569630362745,3.5000000000000004,0.22547578296308757,193.00726785602097
-6.661338147750939e-16,192.9824388192377,3.5000000000000013,0.22547578296320125,193.23274363898418
-6.661338147750939e-16,193.20791460220067,3.499999999999999,0.22547578296297388,193.45821942194715
2.220446049250313e-16,193.43339038516385,3.5,0.22547578296317283,193.68369520491032
0.0,193.65886616812702,3.4999999999999996,0.22547578296317283,193.9091709878735
0.0,193.88434195109008,3.5,0.22547578296305915,194.13464677083655
4.440892098500626e-16,194.1098177340532,3.4999999999999996,0.225475782963116,194.36012255379967
2.220446049250313e-16,194.3352935170163,3.500000000000001,0.225475782963116,194.58559833676279
0.0,194.56076929997946,3.5,0.2254757829631444,194.81107411972593
0.0,194.78624508294257,3.500000000000001,0.225475782963116,195.03654990268905
-6.661338147750939e-16,195.01172086590563,3.5,0.22547578296305915,195.2620256856521
2.220446049250313e-16,195.23719664886875,3.4999999999999996,0.225475782963116,195.48750146861522
4.440892098500626e-16,195.46267243183192,3.5000000000000004,0.22547578296317283,195.7129772515784
-4.440892098500626e-16,195.68814821479504,3.5000000000000004,0.225475782963116,195.9384530345415
-4.440892098500626e-16,195.9136239977581,3.4999999999999996,0.22547578296305915,196.16392881750457
6.661338147750939e-16,196.13909978072118,3.4999999999999996,0.22547578296308757,196.38940460046766
6.661338147750939e-16,196.36457556368435,3.500000000000001,0.22547578296317283,196.61488038343083
-2.220446049250313e-16,196.59005134664747,3.500000000000001,0.225475782963116,196.84035616639395
-4.440892098500626e-16,196.81552712961062,3.5000000000000004,0.2254757829631444,197.0658319493571
-2.220446049250313e-16,197.04100291257373,3.5,0.225475782963116,197.2913077323202
-2.220446049250313e-16,197.26647869553688,3.5,0.2254757829631444,197.51678351528335
2.220446049250313e-16,197.49195447849988,3.4999999999999996,0.2254757829630023,197.74225929824635
6.661338147750939e-16,197.71743026146302,3.5000000000000004,0.2254757829631444,197.9677350812095
-2.220446049250313e-16,197.94290604442625,3.500000000000001,0.22547578296322968,198.19321086417273
-4.440892098500626e-16,198.16838182738928,3.5,0.22547578296303072,198.41868664713576
0.0,198.39385761035234,3.5,0.22547578296305915,198.64416243009882
0.0,198.61933339331554,3.5,0.22547578296320125,198.86963821306202
-2.220446049250313e-16,198.84480917627863,3.5,0.22547578296308757,199.0951139960251
2.220446049250313e-16,199.0702849592417,3.4999999999999996,0.22547578296305915,199.32058977898816
4.440892098500626e-16,199.2957607422049,3.5000000000000004,0.22547578296320125,199.54606556195137
-8.881784197001252e-16,199.52123652516804,3.5000000000000004,0.2254757829631444,199.7715413449145
-2.220446049250313e-16,199.74671230813104,3.4999999999999987,0.2254757829630023,199.9970171278775
4.440892098500626e-16,199.97218809109418,3.5,0.2254757829631444,200.22249291084066
4.440892098500626e-16,200.1976638740573,3.4999999999999996,0.225475782963116,200.44796869380377
6.661338147750939e-16,200.4231396570205,3.500000000000001,0.22547578296320125,200.67344447676697
-4.440892098500626e-16,200.64861543998362,3.500000000000001,0.225475782963116,200.8989202597301
-8.881784197001252e-16,200.87409122294667,3.5,0.22547578296305915,201.12439604269315
4.440892098500626e-16,201.09956700590968,3.499999999999999,0.2254757829630023,201.34987182565615
4.440892098500626e-16,201.32504278887288,3.500000000000001,0.22547578296320125,201.57534760861935
2.220446049250313e-16,201.55051857183602,3.5,0.2254757829631444,201.8008233915825
-2.220446049250313e-16,201.77599435479914,3.5000000000000013,0.225475782963116,202.0262991745456
-4.440892098500626e-16,202.00147013776223,3.4999999999999996,0.22547578296308757,202.2517749575087
-2.220446049250313e-16,202.2269459207253,3.5000000000000004,0.22547578296308757,202.4772507404718
2.220446049250313e-16,202.45242170368843,3.499999999999999,0.225475782963116,202.7027265234349
8.881784197001252e-16,202.67789748665166,3.500000000000001,0.22547578296322968,202.92820230639813
-6.661338147750939e-16,202.90337326961472,3.500000000000001,0.22547578296305915,203.1536780893612
-6.661338147750939e-16,203.1288490525778,3.4999999999999996,0.22547578296308757,203.37915387232428
4.440892098500626e-16,203.35432483554087,3.4999999999999996,0.22547578296305915,203.60462965528734
2.220446049250313e-16,203.57980061850407,3.5000000000000004,0.22547578296320125,203.83010543825054
-4.440892098500626e-16,203.80527640146713,3.5,0.22547578296305915,204.0555812212136
-2.220446049250313e-16,204.0307521844303,3.4999999999999996,0.22547578296317283,204.28105700417677
6.661338147750939e-16,204.25622796739333,3.4999999999999996,0.22547578296303072,204.5065327871398
2.220446049250313e-16,204.48170375035656,3.500000000000001,0.22547578296322968,204.73200857010303
-2.220446049250313e-16,204.70717953331962,3.5,0.22547578296305915,204.9574843530661
0.0,204.93265531628276,3.5000000000000004,0.2254757829631444,205.18296013602924
0.0,205.1581310992459,3.5,0.2254757829631444,205.40843591899238
2.220446049250313e-16,205.38360688220897,3.5000000000000004,0.22547578296305915,205.63391170195544
0.0,205.60908266517208,3.5000000000000004,0.225475782963116,205.85938748491856
-2.220446049250313e-16,205.83455844813514,3.5000000000000004,0.22547578296305915,206.08486326788162
0.0,206.06003423109826,3.5,0.225475782963116,206.31033905084473
4.440892098500626e-16,206.28551001406143,3.5000000000000004,0.22547578296317283,206.5358148338079
-4.440892098500626e-16,206.51098579702455,3.500000000000001,0.225475782963116,206.76129061677102
-4.440892098500626e-16,206.73646157998766,3.4999999999999996,0.225475782963116,206.98676639973414
-2.220446049250313e-16,206.96193736295083,3.5,0.22547578296317283,207.2122421826973
0.0,207.18741314591387,3.499999999999999,0.22547578296303072,207.43771796566034
2.220446049250313e-16,207.412888928877,3.5,0.2254757829631444,207.66319374862348
0.0,207.6383647118401,3.4999999999999996,0.22547578296308757,207.88866953158657
2.220446049250313e-16,207.8638404948032,3.5,0.225475782963116,208.1141453145497
2.220446049250313e-16,208.08931627776633,3.5,0.225475782963116,208.3396210975128
0.0,208.3147920607295,3.5000000000000004,0.22547578296317283,208.56509688047598
2.220446049250313e-16,208.54026784369253,3.5,0.22547578296303072,208.790572663439
4.440892098500626e-16,208.7657436266557,3.500000000000001,0.22547578296317283,209.01604844640218
-6.661338147750939e-16,208.9912194096188,3.500000000000001,0.22547578296308757,209.24152422936527
-2.220446049250313e-16,209.2166951925819,3.4999999999999996,0.225475782963116,209.46700001232838
2.220446049250313e-16,209.44217097554503,3.5000000000000004,0.225475782963116,209.6924757952915
0.0,209.66764675850817,3.5,0.2254757829631444,209.91795157825464
2.220446049250313e-16,209.89312254147129,3.5000000000000004,0.225475782963116,210.14342736121776
0.0,210.11859832443443,3.5000000000000004,0.2254757829631444,210.3689031441809
-6.661338147750939e-16,210.34407410739755,3.5000000000000004,0.225475782963116,210.59437892714402
-2.220446049250313e-16,210.56954989036058,3.499999999999999,0.22547578296303072,210.81985471010705
4.440892098500626e-16,210.79502567332375,3.5,0.22547578296317283,211.04533049307022
-2.220446049250313e-16,211.0205014562868,3.5,0.22547578296305915,211.27080627603328
4.440892098500626e-16,211.24597723924992,3.4999999999999996,0.225475782963116,211.4962820589964
4.440892098500626e-16,211.47145302221313,3.500000000000001,0.22547578296320125,211.7217578419596
0.0,211.6969288051762,3.5000000000000004,0.22547578296308757,211.9472336249227
-6.661338147750939e-16,211.92240458813936,3.500000000000001,0.2254757829631444,212.17270940788583
-6.661338147750939e-16,212.1478803711024,3.499999999999999,0.22547578296303072,212.39818519084886
0.0,212.37335615406556,3.4999999999999996,0.22547578296317283,212.62366097381204
6.661338147750939e-16,212.59883193702865,3.499999999999999,0.22547578296308757,212.84913675677512
4.440892098500626e-16,212.82430771999182,3.500000000000001,0.22547578296317283,213.0746125397383
-4.440892098500626e-16,213.04978350295485,3.5,0.22547578296303072,213.30008832270133
0.0,213.2752592859179,3.5,0.22547578296305915,213.5255641056644
0.0,213.50073506888114,3.5,0.22547578296322968,213.75103988862762
4.440892098500626e-16,213.72621085184426,3.5,0.225475782963116,213.97651567159073
-2.220446049250313e-16,213.95168663480737,3.500000000000001,0.225475782963116,214.20199145455385
-6.661338147750939e-16,214.17716241777046,3.4999999999999996,0.22547578296308757,214.42746723751694
2.220446049250313e-16,214.40263820073355,3.4999999999999996,0.22547578296308757,214.65294302048002
6.661338147750939e-16,214.62811398369664,3.5,0.22547578296308757,214.8784188034431
2.220446049250313e-16,214.85358976665987,3.500000000000001,0.22547578296322968,215.10389458640634
-2.220446049250313e-16,215.07906554962292,3.5000000000000004,0.22547578296305915,215.3293703693694
-2.220446049250313e-16,215.304541332586,3.5000000000000004,0.22547578296308757,215.5548461523325
-4.440892098500626e-16,215.53001711554916,3.5,0.2254757829631444,215.78032193529563
0.0,215.7554928985123,3.4999999999999996,0.2254757829631444,216.00579771825878
2.220446049250313e-16,215.98096868147533,3.5,0.22547578296303072,216.2312735012218
2.220446049250313e-16,216.2064444644385,3.5,0.22547578296317283,216.45674928418498
2.220446049250313e-16,216.43192024740173,3.5000000000000004,0.22547578296322968,216.6822250671482
0.0,216.6573960303647,3.5000000000000004,0.22547578296297388,216.90770085011118
-2.220446049250313e-16,216.88287181332788,3.5000000000000004,0.22547578296317283,217.13317663307436
-2.220446049250313e-16,217.108347596291,3.5,0.225475782963116,217.35865241603747
0.0,217.33382337925406,3.5,0.22547578296305915,217.58412819900053
4.440892098500626e-16,217.55929916221714,3.5,0.22547578296308757,217.80960398196362
-4.440892098500626e-16,217.7847749451804,3.500000000000001,0.2254757829632581,218.03507976492688
-4.440892098500626e-16,218.01025072814338,3.499999999999999,0.22547578296297388,218.26055554788985
2.220446049250313e-16,218.23572651110658,3.5,0.22547578296320125,218.48603133085305
4.440892098500626e-16,218.4612022940696,3.4999999999999996,0.22547578296303072,218.71150711381608
6.661338147750939e-16,218.6866780770328,3.500000000000001,0.22547578296320125,218.93698289677928
-6.661338147750939e-16,218.91215385999593,3.500000000000001,0.225475782963116,219.1624586797424
-2.220446049250313e-16,219.13762964295898,3.4999999999999996,0.22547578296305915,219.38793446270546
4.440892098500626e-16,219.36310542592213,3.5000000000000004,0.2254757829631444,219.6134102456686
2.220446049250313e-16,219.58858120888527,3.5000000000000004,0.2254757829631444,219.83888602863175
0.0,219.81405699184842,3.500000000000001,0.2254757829631444,220.0643618115949
-4.440892098500626e-16,220.03953277481145,3.5000000000000004,0.22547578296303072,220.28983759455792
0.0,220.26500855777462,3.5,0.22547578296317283,220.5153133775211
-6.661338147750939e-16,220.49048434073774,3.5000000000000004,0.225475782963116,220.7407891604842
2.220446049250313e-16,220.71596012370077,3.4999999999999987,0.22547578296303072,220.96626494344724
8.881784197001252e-16,220.94143590666394,3.500000000000001,0.22547578296317283,221.19174072641042
-4.440892098500626e-16,221.1669116896271,3.5000000000000004,0.22547578296317283,221.4172165093736
-2.220446049250313e-16,221.3923874725902,3.5,0.22547578296308757,221.64269229233668
0.0,221.6178632555533,3.5,0.22547578296308757,221.86816807529976
-2.220446049250313e-16,221.84333903851635,3.5,0.22547578296305915,222.09364385826282
-2.220446049250313e-16,222.06881482147946,3.4999999999999996,0.225475782963116,222.31911964122594
4.440892098500626e-16,222.2942906044426,3.4999999999999996,0.2254757829631444,222.54459542418908
6.661338147750939e-16,222.51976638740572,3.5000000000000004,0.225475782963116,222.7700712071522
-4.440892098500626e-16,222.7452421703689,3.500000000000001,0.22547578296317283,222.99554699011537
-8.881784197001252e-16,222.97071795333196,3.4999999999999996,0.22547578296305915,223.22102277307843
2.220446049250313e-16,223.19619373629502,3.499999999999999,0.22547578296305915,223.4464985560415
4.440892098500626e-16,223.42166951925822,3.5,0.22547578296320125,223.6719743390047
4.440892098500626e-16,223.6471453022213,3.5,0.22547578296308757,223.89745012196778
2.220446049250313e-16,223.8726210851845,3.500000000000001,0.22547578296320125,224.12292590493098
-8.881784197001252e-16,224.09809686814756,3.5000000000000004,0.22547578296305915,224.34840168789404
-2.220446049250313e-16,224.3235726511106,3.499999999999999,0.22547578296303072,224.57387747085707
-2.220446049250313e-16,224.54904843407377,3.5,0.22547578296317283,224.79935325382024
0.0,224.77452421703686,3.4999999999999987,0.22547578296308757,225.02482903678333
1.3322676295501878e-15,225.0,3.5,0.2254757829631444,225.25030481974648
